code;name;citycode;streettypecode;thedistrictcode;modify_time;citykoid;resid;xstreetcode
INTEGER;VARCHAR(50);INTEGER;INTEGER;INTEGER;DECIMAL(16.0);VARCHAR(10);VARCHAR(10);VARCHAR(50)
1;1 Пресовий;3630;6;;;1210100000;;
2;1 Садовий;3783;6;;;1221055400;;
3;1 Травня;3630;3;;;1210100000;;
4;152-ї Дивізії;3630;3;;;1210100000;;
5;2 Пресовий;3630;6;;;1210100000;;
6;2 Садовий;3783;6;;;1221055400;;
7;20-річчя Перемоги;3630;3;;;1210100000;;
8;200-річчя Кривого Рогу;3638;3;;;1211000000;;
9;23 лютого;3638;3;;;1211000000;;
10;36 Гвардійської Стрілецької Дивізії;3783;3;;;1221055400;;
11;40 років Перемоги;3891;3;;;1221855500;;
12;40-років Перемоги;4840;3;;;1225283304;;
13;40-річчя Жовтня;3638;3;;;1211000000;;
14;8-го Березня;3636;3;;;1210700000;;
15;Євпаторійська;3630;3;;;1210100000;;
16;Європейська;3636;3;;;1210700000;;
17;Європейська;3630;3;;;1210100000;;
18;Єдності;3636;6;;;1210700000;;
19;Єрмолової;3630;3;;;1210100000;;
20;Єсеніна;3638;3;;;1211000000;;
21;І. Богуна;3636;3;;;1210700000;;
22;І. Виговського;3636;3;;;1210700000;;
23;І. Ульянова;3636;3;;;1210700000;;
24;І.Франка;3936;3;;;1221884001;;
25;І.Франка;3939;3;;;1221884005;;
26;Івана Акінфієва;3630;3;;;1210100000;;
27;Івана Добровольського;3638;3;;;1211000000;;
28;Івана Мазепи;3636;6;;;1210700000;;
29;Івана Франка;3630;3;;;1210100000;;
30;Івана Франка;3630;6;;;1210100000;;
31;Ігоря Клюєва;3630;3;;;1210100000;;
32;Ізюмський;3630;6;;;1210100000;;
33;Ілліча;12165;3;;;3522586402;;
34;Іллічівська;3638;3;;;1211000000;;
35;Інженерна;3630;3;;;1210100000;;
36;Іскрівська;3652;3;;;1212400000;;
37;Абрикосова;3636;3;;;1210700000;;
38;Автобуду;3630;3;;;1210100000;;
39;Автозаводська;3630;3;;;1210100000;;
40;Автотранспортна;3630;3;;;1210100000;;
41;Авіаційна;3630;3;;;1210100000;;
42;Агрономічна;3630;3;;;1210100000;;
43;Адмірала Головка;3638;3;;;1211000000;;
44;Аеродром;3630;3;;;1210100000;;
45;Аеропорт;3875;3;;;1221486207;;
46;Аеропорт;3630;3;;;1210100000;;
47;Азарнова;3892;3;;;1221855800;;
48;Академіка Заболотного;29758;3;;;8000000000;;
49;Академіка Янгеля;3630;3;;;1210100000;;
50;Акінфієва;3630;3;;;1210100000;;
51;Ангарська;3630;3;;;1210100000;;
52;Андрія Фабра;3630;3;;;1210100000;;
53;Анжерський;3630;6;;;1210100000;;
54;Антоновича;29758;3;;;8000000000;;
55;Арбатська;3630;3;;;1210100000;;
56;Артема;3630;3;;;1210100000;;
57;Архітектурний;3630;6;;;1210100000;;
58;Астраханська;3630;3;;;1210100000;;
59;Ачинська;3630;3;;;1210100000;;
60;Б. Ступки;3636;6;;;1210700000;;
61;Бабушкіна;3652;3;;;1212400000;;
62;Базарна;3636;3;;;1210700000;;
63;Байкальска;4277;3;;;1223255600;;
64;Байкальська;3630;3;;;1210100000;;
65;Баластна;3636;3;;;1210700000;;
66;Балашовська;3630;3;;;1210100000;;
67;Балашовська;3652;3;;;1212400000;;
68;Балхаська;3638;3;;;1211000000;;
69;Барвінкова;3974;3;;;1221888201;;
70;Барикадна;3630;3;;;1210100000;;
71;Баумана;3630;3;;;1210100000;;
72;Белгородська;3630;3;;;1210100000;;
73;Белінського;3636;3;;;1210700000;;
74;Берегова;3893;3;;;1221880501;;
75;Берегового;4277;3;;;1223255600;;
76;Березнева;3630;3;;;1210100000;;
77;Березова;3957;3;;;1221885901;;
78;Бересткова;3974;3;;;1221888201;;
79;Бестужева;3636;6;;;1210700000;;
80;Бестужева;3636;3;;;1210700000;;
81;Бехтерева;3630;3;;;1210100000;;
82;Бикова;3638;3;;;1211000000;;
83;Блакитний;3630;6;;;1210100000;;
84;Богдана Хмельницького;3657;3;;;1220310100;;
85;Богдана Хмельницького;3630;9;;;1210100000;;
86;Богдана Хмельницького;3676;3;;;1220384401;;
87;Богданова;3630;3;;;1210100000;;
88;Богомаза;3630;3;;;1210100000;;
89;Богомольця;29758;3;;;8000000000;;
90;Богуна;3936;3;;;1221884001;;
91;Больничний;4825;6;;;1225255100;;
92;Бориса Глинки;3638;3;;;1211000000;;
93;Бориса Кротова;3630;3;;;1210100000;;
94;Бориса Мозолевського;3630;3;;;1210100000;;
95;Бородинська;3630;3;;;1210100000;;
96;Бочарова;8709;3;;;2310100000;;
97;Братиславська;29758;3;;;8000000000;;
98;Братська;3652;3;;;1212400000;;
99;Брестська;3630;3;;;1210100000;;
100;Бригадна;3820;3;;;1221084109;;
101;Будьоного;12576;3;;;3524984801;;
102;Будівельна;3660;3;;;1220310300;;
103;Будівельна;3638;3;;;1211000000;;
104;Будівельна;4367;3;;;1223755100;;
105;Будівельників;3632;3;;;1210200000;;
106;Будівельників;3636;3;;;1210700000;;
107;Будівельників;3630;3;;;1210100000;;
108;Будівельників;3891;3;;;1221855500;;
109;Будівельників;3974;3;;;1221888201;;
110;Бульвар Миру;3632;3;;;1210200000;;
111;Буркіна;4276;3;;;1223255300;;
112;Бурштиновий;3630;6;;;1210100000;;
113;Бутакова;3630;3;;;1210100000;;
114;Бутлерова;29758;3;;;8000000000;;
115;Більшовицька;3638;3;;;1211000000;;
116;В'ячеслава Тютіна;3630;6;;;1210100000;;
117;В. Жуковського;3636;6;;;1210700000;;
118;В. Стуса;3636;3;;;1210700000;;
119;Варена;3632;3;;;1210200000;;
120;Варненська;16458;3;;;5110100000;;
121;Ватоліної;3652;3;;;1212400000;;
122;Ватутіна;3936;3;;;1221884001;;
123;Ватутіна;3783;3;;;1221055400;;
124;Ватутіна;3636;3;;;1210700000;;
125;Велика Ковалівка;3648;3;;;1211900000;;
126;Великолуцька;3630;3;;;1210100000;;
127;Вербова;3636;3;;;1210700000;;
128;Верстатобудівельний;3630;6;;;1210100000;;
129;Верстатобудівників;3630;3;;;1210100000;;
130;Верстатобудівників;3652;3;;;1212400000;;
131;Верхній;3936;6;;;1221884001;;
132;Весела;3891;3;;;1221855500;;
133;Веселий;3636;6;;;1210700000;;
134;Веселки;3630;3;;;1210100000;;
135;Веселкова;3638;3;;;1211000000;;
136;Весняна;3901;3;;;1221881301;;
137;Весняна;3630;3;;;1210100000;;
138;Ветеранів;3657;3;;;1220310100;;
139;Ветеранів;3941;3;;;1221884301;;
140;Ветеранів праці;3638;3;;;1211000000;;
141;Визволення;3657;3;;;1220310100;;
142;Визволення;3638;7;;;1211000000;;
143;Виконкомівська;3630;3;;;1210100000;;
144;Виноградна;3636;3;;;1210700000;;
145;Виноградна;3902;3;;;1221881303;;
146;Виноградна;3954;3;;;1221884713;;
147;Винокурова;3630;3;;;1210100000;;
148;Високовольтна;3630;3;;;1210100000;;
149;Вишнева;3954;3;;;1221884713;;
150;Вишнева;3901;3;;;1221881301;;
151;Вишнева;5018;3;;;1225855313;;
152;Вишнева;3902;3;;;1221881303;;
153;Вишнева;5018;3;;;1225855313;;
154;Вишнева;3974;3;;;1221888201;;
155;Вишневий;3636;6;;;1210700000;;
156;Водобудський;3636;6;;;1210700000;;
157;Войнової;3652;3;;;1212400000;;
158;Вокзальна;3630;3;;;1210100000;;
159;Вокзальний;3636;6;;;1210700000;;
160;Волгоградська;3630;3;;;1210100000;;
161;Волинська;3630;3;;;1210100000;;
162;Володарського;3630;3;;;1210100000;;
163;Володимира Антоновича;3630;3;;;1210100000;;
164;Володимира Великого;3636;3;;;1210700000;;
165;Володимира Вернадського;3630;3;;;1210100000;;
166;Волонтерська;3636;3;;;1210700000;;
167;Воронезька;3630;3;;;1210100000;;
168;Воронцова;3630;9;;;1210100000;;
169;Ворошилова;3630;3;;;1210100000;;
170;Воскресеньська;3630;3;;;1210100000;;
171;Восточна;3954;3;;;1221884713;;
172;Відважна;3941;3;;;1221884301;;
173;Відважних;3630;3;;;1210100000;;
174;Відрадна;3630;3;;;1210100000;;
175;Вільна;3891;3;;;1221855500;;
176;Г.Сковороди;3939;3;;;1221884005;;
177;Гаванська;3630;3;;;1210100000;;
178;Гавриленко;3630;3;;;1210100000;;
179;Гагаріна;3636;3;;;1210700000;;
180;Гагаріна;4276;3;;;1223255300;;
181;Гагаріна;3632;3;;;1210200000;;
182;Гагаріна;3901;3;;;1221881301;;
183;Гагаріна;3630;9;;;1210100000;;
184;Гагаріна;3963;3;;;1221887001;;
185;Гагаріна;4840;3;;;1225283304;;
186;Гагаріна;3969;3;;;1221887701;;
187;Гагаріна;3652;3;;;1212400000;;
188;Гагаріна;3638;3;;;1211000000;;
189;Гагаріна;4718;3;;;1225055100;;
190;Гагаріна;4280;3;;;1223256200;;
191;Гагаріна;3657;3;;;1220310100;;
192;Газети Правда;3630;9;;;1210100000;;
193;Газовиків;3891;3;;;1221855500;;
194;Гастелло;3636;3;;;1210700000;;
195;Гастелло;3636;6;;;1210700000;;
196;Гвардійська;3636;3;;;1210700000;;
197;Генерала Кузнєцова;3638;3;;;1211000000;;
198;Генерала Пушкіна;3630;3;;;1210100000;;
199;Герасименко;4294;3;;;1223282501;;
200;Героїв;3630;9;;;1210100000;;
201;Героїв АТО;3638;3;;;1211000000;;
202;Героїв Сталінграду;3630;3;;;1210100000;;
203;Героїв України;3652;3;;;1212400000;;
204;Героїв підпільників;3638;9;;;1211000000;;
205;Гладкова;3630;3;;;1210100000;;
206;Глазунова;29758;3;;;8000000000;;
207;Глінки;3630;3;;;1210100000;;
208;Говорова;3630;3;;;1210100000;;
209;Гоголя;3632;3;;;1210200000;;
210;Гоголя;3636;3;;;1210700000;;
211;Гоголя;3630;3;;;1210100000;;
212;Горняків;3632;3;;;1210200000;;
213;Горького;3670;3;;;1220383301;;
214;Горького;3648;3;;;1211900000;;
215;Горького;3636;3;;;1210700000;;
216;Горького;3652;3;;;1212400000;;
217;Горіховий;3636;6;;;1210700000;;
218;Госпітальна;29758;3;;;8000000000;;
219;Гранітна;4840;3;;;1225283304;;
220;Гребінки;3939;3;;;1221884005;;
221;Грибова;3850;3;;;1221455400;;
222;Грибоєдова;3652;3;;;1212400000;;
223;Гродненська;3630;3;;;1210100000;;
224;Громадський;3630;6;;;1210100000;;
225;Грушова;3630;3;;;1210100000;;
226;Грінченко;3630;3;;;1210100000;;
227;Гулі Кольорової;3630;3;;;1210100000;;
228;Гулі Корольової;3630;3;;;1210100000;;
229;Гімназійна;3636;3;;;1210700000;;
230;Гірників;3638;3;;;1211000000;;
231;Гірницька;3941;3;;;1221884301;;
232;Гірницький;3636;6;;;1210700000;;
233;Гірничорятувальна;3638;3;;;1211000000;;
234;Гірняцька;3941;3;;;1221884301;;
235;Гірняцький;3638;3;;;1211000000;;
236;Данила Нечая;3636;3;;;1210700000;;
237;Данили Нечая;3630;3;;;1210100000;;
238;Дачна;4280;3;;;1223256200;;
239;Дачна;3901;3;;;1221881301;;
240;Дачний;3636;6;;;1210700000;;
241;Двінська;3638;3;;;1211000000;;
242;Двірцевий;3636;6;;;1210700000;;
243;Дежньова;3638;6;;;1211000000;;
244;Деповський;3638;6;;;1211000000;;
245;Десантна;4276;3;;;1223255300;;
246;Джинчарадзе;3630;6;;;1210100000;;
247;Дзержинського;3891;3;;;1221855500;;
248;Дзержинського;3638;9;;;1211000000;;
249;Дзержинського;3630;3;;;1210100000;;
250;Дивізіонна;3630;3;;;1210100000;;
251;Димитрова;3630;3;;;1210100000;;
252;Дишинського;3638;3;;;1211000000;;
253;Дмитра Кедріна;3630;3;;;1210100000;;
254;Дмитра Яворницького;3630;9;;;1210100000;;
255;Дмитра Яворницького;3657;3;;;1220310100;;
256;Дніпровська;3630;3;;;1210100000;;
257;Дніпровська;3652;3;;;1212400000;;
258;Дніпровський;3636;6;;;1210700000;;
259;Дніпросталівська;3630;3;;;1210100000;;
260;Добровольців;3630;6;;;1210100000;;
261;Доватора;3638;3;;;1211000000;;
262;Донбасівська;3636;3;;;1210700000;;
263;Донецька;3630;3;;;1210100000;;
264;Донецьке шосе;3630;3;;;1210100000;;
265;Донська;3630;3;;;1210100000;;
266;Дорогожицька;29758;3;;;8000000000;;
267;Дорожна;3630;3;;;1210100000;;
268;Достоєвського;3652;3;;;1212400000;;
269;Дружби;3636;6;;;1210700000;;
270;Дружби;3901;3;;;1221881301;;
271;Дубініна;3636;3;;;1210700000;;
272;Екскаваторна;3630;3;;;1210100000;;
273;Елеваторна;3657;3;;;1220310100;;
274;Електрична;3638;3;;;1211000000;;
275;Електрозаводська;3638;3;;;1211000000;;
276;Енергетична;3660;3;;;1220310300;;
277;Енергетична;3638;3;;;1211000000;;
278;Енергетична;3630;3;;;1210100000;;
279;Енергетичний;3630;6;;;1210100000;;
280;Ентузіастів;3632;3;;;1210200000;;
281;Ентузіастів;3636;6;;;1210700000;;
282;Ентузіастів;3636;3;;;1210700000;;
283;Естонська;3630;3;;;1210100000;;
284;Железнякова;4509;3;;;1224510100;;
285;Жилянська;29758;3;;;8000000000;;
286;Жовтий;3636;6;;;1210700000;;
287;Жовтнева;3905;3;;;1221881403;;
288;Жовтнева;4338;3;;;1223583001;;
289;Жовтнева;4509;3;;;1224510100;;
290;Жовтнева;3638;3;;;1211000000;;
291;Жовтнева;3948;3;;;1221884701;;
292;Жовтнева;17635;3;;;5310100000;;
293;Жовтонога;3638;3;;;1211000000;;
294;Жовторічанська;3636;3;;;1210700000;;
295;Заводська;3675;3;;;1220383306;;
296;Заводська;3630;3;;;1210100000;;
297;Заводська;3652;3;;;1212400000;;
298;Заводська;3891;3;;;1221855500;;
299;Заводська;4840;3;;;1225283304;;
300;Заводська;3648;3;;;1211900000;;
301;Заводська;3636;3;;;1210700000;;
302;Заводська;4277;3;;;1223255600;;
303;Заводська;4607;3;;;1224856200;;
304;Закарпатська;3638;3;;;1211000000;;
305;Залізнична;3636;3;;;1210700000;;
306;Запорізський;3636;6;;;1210700000;;
307;Запорізьке шосе;3630;3;;;1210100000;;
308;Запорізький;3636;6;;;1210700000;;
309;Зарічна;3636;3;;;1210700000;;
310;Зарічна;3951;3;;;1221884707;;
311;Зарічна;3974;3;;;1221888201;;
312;Зарічна;3652;3;;;1212400000;;
313;Зарічний;3652;6;;;1212400000;;
314;Затишний;3636;6;;;1210700000;;
315;Західний;3636;6;;;1210700000;;
316;Звенигородська;3630;3;;;1210100000;;
317;Зелена;3891;3;;;1221855500;;
318;Зелена;4840;3;;;1225283304;;
319;Зелена;3636;3;;;1210700000;;
320;Зелена;3902;3;;;1221881303;;
321;Зелена;3632;3;;;1210200000;;
322;Зеленівська;3638;3;;;1211000000;;
323;Землячки;3638;3;;;1211000000;;
324;Зенітна;4276;3;;;1223255300;;
325;Зимова;3630;3;;;1210100000;;
326;Зимовий;3630;6;;;1210100000;;
327;Зоологічна;3630;3;;;1210100000;;
328;Зоряний;3630;2;;;1210100000;;
329;Зої Космодем'янської;3636;6;;;1210700000;;
330;Зустрічна;3630;3;;;1210100000;;
331;К. Маркса;3638;9;;;1211000000;;
332;Кабака;3652;3;;;1212400000;;
333;Кавалерійська;3630;3;;;1210100000;;
334;Каверіна;3630;3;;;1210100000;;
335;Казакевича;3630;3;;;1210100000;;
336;Казакова;3630;3;;;1210100000;;
337;Калинова;3636;3;;;1210700000;;
338;Калинова;3630;3;;;1210100000;;
339;Калузька;3630;3;;;1210100000;;
340;Калініна;3901;3;;;1221881301;;
341;Калініна;3630;9;;;1210100000;;
342;Каманіна;3657;3;;;1220310100;;
343;Капітальний;3636;6;;;1210700000;;
344;Кар'єрний;3636;6;;;1210700000;;
345;Караваєва;3630;3;;;1210100000;;
346;Карбишева;3652;3;;;1212400000;;
347;Карла Лібкнехта;3630;3;;;1210100000;;
348;Карла Маркса;3630;9;;;1210100000;;
349;Карла Маркса;3657;3;;;1220310100;;
350;Карла Маркса;3676;3;;;1220384401;;
351;Каткова;3638;3;;;1211000000;;
352;Каховська;3630;3;;;1210100000;;
353;Каховська;3638;3;;;1211000000;;
354;Качалова;3638;3;;;1211000000;;
355;Квартальний;3636;6;;;1210700000;;
356;Квіткова;3928;3;;;1221883501;;
357;Квіткова;3974;3;;;1221888201;;
358;Квітковий;3630;6;;;1210100000;;
359;Квітнева;3630;3;;;1210100000;;
360;Кедрово;3630;3;;;1210100000;;
361;Киргизька;3630;3;;;1210100000;;
362;Кисловодська;3630;3;;;1210100000;;
363;Кияшко;8709;3;;;2310100000;;
364;Київська;3783;3;;;1221055400;;
365;Кленова;3630;3;;;1210100000;;
366;Клименка;4509;3;;;1224510100;;
367;Кловський узвіз;29758;3;;;8000000000;;
368;Клочківська;23058;3;;;6310100000;;
369;Клубна;3891;3;;;1221855500;;
370;Ключовий;3630;6;;;1210100000;;
371;Княгині Ольги;3630;3;;;1210100000;;
372;Князя Ярослава Мудрого;3630;3;;;1210100000;;
373;Кобилянського;3638;3;;;1211000000;;
374;Кодацька;3636;3;;;1210700000;;
375;Кожем'яки;3630;3;;;1210100000;;
376;Козака Мамая;3630;3;;;1210100000;;
377;Козакова;3636;3;;;1210700000;;
378;Козацька;3941;3;;;1221884301;;
379;Козацький;3636;6;;;1210700000;;
380;Козацької Слави;3636;3;;;1210700000;;
381;Колгоспна;3928;3;;;1221883501;;
382;Комарова;3630;3;;;1210100000;;
383;Комсомольська;3948;3;;;1221884701;;
384;Комсомольська;4409;3;;;1223881504;;
385;Комсомольська;3901;3;;;1221881301;;
386;Комсомольська;3630;3;;;1210100000;;
387;Комісара Крилова;3630;3;;;1210100000;;
388;Конституційна;3638;3;;;1211000000;;
389;Кооперативна;3636;3;;;1210700000;;
390;Корейська;3630;3;;;1210100000;;
391;Короленка;3630;3;;;1210100000;;
392;Короленка;3636;3;;;1210700000;;
393;Корольова Сергія;3652;3;;;1212400000;;
394;Косигіна;3948;3;;;1221884701;;
395;Космонавтів;3901;3;;;1221881301;;
396;Костянтинівська;3630;3;;;1210100000;;
397;Котляревського;3638;3;;;1211000000;;
398;Котляревського;3939;3;;;1221884005;;
399;Котовського;3683;3;;;1220386604;;
400;Котіна;3652;3;;;1212400000;;
401;Коханівська;3630;3;;;1210100000;;
402;Коцюбинського;3636;6;;;1210700000;;
403;Коцюбинського;4553;6;;;1224583701;;
404;Кравченка;3652;3;;;1212400000;;
405;Крамського;3630;3;;;1210100000;;
406;Краснокутський;3636;6;;;1210700000;;
407;Краснопільська;3630;3;;;1210100000;;
408;Кременецька;2543;3;;;710100000;;
409;Криворізька;3630;3;;;1210100000;;
410;Криворізьке шосе;3863;3;;;1221482008;;
411;Криворізький;3630;6;;;1210100000;;
412;Криворізький;3630;10;;;1210100000;;
413;Кримська;3941;3;;;1221884301;;
414;Криничанська;3815;3;;;1221084104;;
415;Криничанська;3632;3;;;1210200000;;
416;Кронштадська;3630;3;;;1210100000;;
417;Кропивницького;3638;3;;;1211000000;;
418;Кропоткіна;3636;3;;;1210700000;;
419;Крупіна;3638;3;;;1211000000;;
420;Крутогорна;3630;3;;;1210100000;;
421;Кубанська;3630;3;;;1210100000;;
422;Купріна;3636;3;;;1210700000;;
423;Купріна;3636;6;;;1210700000;;
424;Курсантська;4276;3;;;1223255300;;
425;Курсантська;3630;3;;;1210100000;;
426;Курчатова;3630;3;;;1210100000;;
427;Кутузова;29758;3;;;8000000000;;
428;Кутузова;29758;6;;;8000000000;;
429;Кучерявого;4276;3;;;1223255300;;
430;Кіквідзе;29758;3;;;8000000000;;
431;Кільцева;3652;3;;;1212400000;;
432;Кірова;3630;9;;;1210100000;;
433;Кірова;3902;3;;;1221881303;;
434;Кіровоградське шосе;3901;3;;;1221881301;;
435;Кіровоградське шосе;3902;3;;;1221881303;;
436;Л. Гречко;4509;3;;;1224510100;;
437;Л. Українки;3948;3;;;1221884701;;
438;Л.Українки;3901;3;;;1221881301;;
439;Л.Українки;3948;3;;;1221884701;;
440;Л.Українки;3936;3;;;1221884001;;
441;Л.Українки;3939;3;;;1221884005;;
442;Лабораторна;3630;3;;;1210100000;;
443;Лазаряна;3630;3;;;1210100000;;
444;Ламана;3630;3;;;1210100000;;
445;Лебедєва Кумача;3630;3;;;1210100000;;
446;Леваневського;3648;3;;;1211900000;;
447;Леваневського;4367;3;;;1223755100;;
448;Леваневського;5144;3;;;1410300000;;
449;Леваневського;3630;3;;;1210100000;;
450;Левицького;3638;3;;;1211000000;;
451;Лейпцизька;29758;3;;;8000000000;;
452;Ленська;3630;3;;;1210100000;;
453;Леніна;3630;3;;;1210100000;;
454;Леніна;3880;3;;;1221486601;;
455;Леніна;4404;3;;;1223881204;;
456;Леніна;3638;3;;;1211000000;;
457;Леніна;3936;3;;;1221884001;;
458;Леніна;3684;3;;;1220387701;;
459;Леніна;3973;3;;;1221887706;;
460;Леніна;4525;3;;;1224581003;;
461;Ленінградська;3630;3;;;1210100000;;
462;Лермонтова;3636;3;;;1210700000;;
463;Лермонтова;3638;3;;;1211000000;;
464;Лесі Українки;3657;3;;;1220310100;;
465;Лесі Українки;3636;3;;;1210700000;;
466;Ливарна;3630;3;;;1210100000;;
467;Липова;4277;3;;;1223255600;;
468;Листяний;3630;6;;;1210100000;;
469;Ломоносова;3636;3;;;1210700000;;
470;Ломоносова;26966;6;;;7110100000;;
471;Лугова;3974;3;;;1221888201;;
472;Луговий;3636;6;;;1210700000;;
473;Луч;3881;3;;;1221486801;;
474;Льва Ландау;23058;3;;;6310100000;;
475;Львівська;3636;3;;;1210700000;;
476;Лєскова;29758;3;;;8000000000;;
477;Лікарняна;3891;3;;;1221855500;;
478;Лікарняна;3905;3;;;1221881403;;
479;Лікарняна;4840;3;;;1225283304;;
480;Лінійна;3652;3;;;1212400000;;
481;Лісна;3902;3;;;1221881303;;
482;Лісна;4280;3;;;1223256200;;
483;Лісна;3941;3;;;1221884301;;
484;Лісова;3636;3;;;1210700000;;
485;Лісова;4287;3;;;1223281501;;
486;Лісова;4277;3;;;1223255600;;
487;М. Грушевського;3636;3;;;1210700000;;
488;М. Пошедіна;3636;3;;;1210700000;;
489;М.Грушевського;3630;3;;;1210100000;;
490;Магнітогорська;3630;3;;;1210100000;;
491;Магнітогорська;29758;3;;;8000000000;;
492;Майкопська;3630;3;;;1210100000;;
493;Макаренка;3630;3;;;1210100000;;
494;Макарова;3630;3;;;1210100000;;
495;Малий;3636;6;;;1210700000;;
496;Малиновського;3652;3;;;1212400000;;
497;Малиновського;4574;3;;;1224586002;;
498;Мамона;4509;3;;;1224510100;;
499;Мандриківська;3630;3;;;1210100000;;
500;Мануйлівський;3630;9;;;1210100000;;
501;Мар'янівський;3636;6;;;1210700000;;
502;Марганцевська;3630;3;;;1210100000;;
503;Марка Вовчка;3939;3;;;1221884005;;
504;Мартовича;3638;3;;;1211000000;;
505;Маршала Малиновського;3630;3;;;1210100000;;
506;Маршала Судця;3630;3;;;1210100000;;
507;Матросова;3636;3;;;1210700000;;
508;Матроська;3630;3;;;1210100000;;
509;Матроський;3630;6;;;1210100000;;
510;Машинобудівна;3630;3;;;1210100000;;
511;Маяковського;3636;3;;;1210700000;;
512;Медична;3657;3;;;1220310100;;
513;Межевий;3636;6;;;1210700000;;
514;Межигірська;29758;3;;;8000000000;;
515;Мелешкіна;3638;3;;;1211000000;;
516;Меліоративна;3901;3;;;1221881301;;
517;Меліоративна;4825;3;;;1225255100;;
518;Мендєлєєва;3891;3;;;1221855500;;
519;Металург;3632;3;;;1210200000;;
520;Металургів;3630;3;;;1210100000;;
521;Металургів;3638;9;;;1211000000;;
545;Молодіжна;3891;3;;;1221855500;;
522;Метробудівська;3630;3;;;1210100000;;
523;Мечникова;3630;3;;;1210100000;;
524;Мирна;3630;3;;;1210100000;;
525;Мирний;3636;6;;;1210700000;;
526;Миронова;3630;3;;;1210100000;;
527;Мирослава Андрущука;3638;3;;;1211000000;;
528;Миру;3630;9;;;1210100000;;
529;Миру;3636;7;;;1210700000;;
530;Миру;3899;3;;;1221881205;;
531;Миру;3638;3;;;1211000000;;
532;Миру;3901;3;;;1221881301;;
533;Миру;3638;9;;;1211000000;;
534;Миру;16463;9;;;5110800000;;
535;Михайла Дідевича;3630;6;;;1210100000;;
536;Михайла Максимовича;3630;3;;;1210100000;;
537;Модзалевського Вадима;29758;3;;;8000000000;;
538;Молдавська;3974;3;;;1221888201;;
539;Молодіжна;3948;3;;;1221884701;;
540;Молодіжна;4840;3;;;1225283304;;
541;Молодіжна;3902;3;;;1221881303;;
542;Молодіжна;3901;3;;;1221881301;;
543;Молодіжна;3969;3;;;1221887701;;
544;Молодіжна;3630;3;;;1210100000;;
546;Молодіжна;3936;3;;;1221884001;;
547;Молодіжна;4509;3;;;1224510100;;
548;Молодіжна;4277;3;;;1223255600;;
549;Молодіжна;3974;3;;;1221888201;;
550;Молодіжна;3632;3;;;1210200000;;
551;Молодіжна;3913;3;;;1221882201;;
552;Молодіжний;3636;6;;;1210700000;;
553;Монтажна;3630;3;;;1210100000;;
554;Московська;3630;3;;;1210100000;;
555;Московський;3636;6;;;1210700000;;
556;Мостова;3636;3;;;1210700000;;
557;Мостова;4607;3;;;1224856200;;
558;Моцарта;3630;3;;;1210100000;;
559;Музейний;3652;6;;;1212400000;;
560;Музична;3657;3;;;1220310100;;
561;Мурманська;3630;3;;;1210100000;;
562;Міжпланетна;3638;3;;;1211000000;;
563;Мікіладзе;3973;3;;;1221887706;;
564;Мільмана;3630;3;;;1210100000;;
565;Мініна;3636;6;;;1210700000;;
566;Мініна;3630;3;;;1210100000;;
567;Мічуріна;3636;3;;;1210700000;;
568;Мічуріна;3852;3;;;1221455800;;
569;Мічуріна;3657;3;;;1220310100;;
570;Мічуріна;3852;3;;;1221455800;;
571;Набережна;3675;3;;;1220383306;;
572;Набережна;3636;3;;;1210700000;;
573;Набережна;4277;3;;;1223255600;;
574;Набережна;3936;3;;;1221884001;;
575;Набережна;3901;3;;;1221881301;;
576;Набережна;4840;3;;;1225283304;;
577;Набережна;3938;3;;;1221884004;;
578;Набережна;3783;3;;;1221055400;;
579;Набережна;3676;3;;;1220384401;;
580;Набережна;3969;3;;;1221887701;;
581;Набережна В.І. Леніна;3630;3;;;1210100000;;
582;Набережна Перемоги;3630;3;;;1210100000;;
583;Набережна Січеславська;3630;3;;;1210100000;;
584;Набережний;4553;6;;;1224583701;;
585;Нагорний;3630;6;;;1210100000;;
586;Нагірна;3638;3;;;1211000000;;
587;Надбалківська;3630;3;;;1210100000;;
588;Надії;3974;3;;;1221888201;;
589;Надії Алексєєнко;3630;3;;;1210100000;;
590;Наримська;3630;3;;;1210100000;;
591;Науки;29758;9;;;8000000000;;
592;Недєліна;3638;3;;;1211000000;;
593;Некрасова;3636;3;;;1210700000;;
594;Некрасова;3850;3;;;1221455400;;
595;Немировича-Данченка;3636;3;;;1210700000;;
596;Несторівський;29758;6;;;8000000000;;
597;Нижня набережна;3974;3;;;1221888201;;
598;Нова;3652;3;;;1212400000;;
599;Нова;3783;3;;;1221055400;;
600;Нова;4277;3;;;1223255600;;
601;Нова;4840;3;;;1225283304;;
602;Нова;3936;3;;;1221884001;;
603;Нова;3636;3;;;1210700000;;
604;Новикова-Прибоя;3630;3;;;1210100000;;
605;Новобудов;3638;3;;;1211000000;;
606;Новобудівельна;3630;3;;;1210100000;;
607;Новокримська;3630;3;;;1210100000;;
608;Новокримська;3630;3;;;1210100000;;
609;Новокримський;3630;6;;;1210100000;;
610;Новомиргородський;3630;6;;;1210100000;;
611;Новоорловська;3630;3;;;1210100000;;
612;Новорічна;3638;3;;;1211000000;;
613;Новоселівська;3652;3;;;1212400000;;
614;Новофрунзенська;3630;3;;;1210100000;;
615;Нікопольська;3630;3;;;1210100000;;
616;Нікопольське шосе;3891;3;;;1221855500;;
617;О. Довженка;3636;6;;;1210700000;;
618;О. Станкова;3638;3;;;1211000000;;
619;О. Стовби;3636;6;;;1210700000;;
620;Обсерваторна;3630;3;;;1210100000;;
621;Одоєвського;3630;3;;;1210100000;;
622;Одоєвського 2-ой;3630;10;;;1210100000;;
623;Оздоровча;3630;3;;;1210100000;;
624;Озерна;3652;3;;;1212400000;;
625;Озерна;3638;3;;;1211000000;;
626;Озерна;3941;3;;;1221884301;;
627;Окружна;3638;3;;;1211000000;;
628;Октябрська;3852;3;;;1221455800;;
629;Октябрська;3936;3;;;1221884001;;
630;Октябрьська;3905;3;;;1221881403;;
631;Октябрьська;3936;3;;;1221884001;;
632;Олега Кошового;3636;6;;;1210700000;;
633;Олега Купріянця;3638;3;;;1211000000;;
634;Олега Ричкова;3638;3;;;1211000000;;
635;Олейникова;3638;3;;;1211000000;;
636;Олександра Гальченка;3630;9;;;1210100000;;
637;Олександра Довженка;3676;3;;;1220384401;;
638;Олександра Островського;3783;3;;;1221055400;;
639;Олександра Поля;3630;9;;;1210100000;;
640;Олександра Станкова;3638;3;;;1211000000;;
641;Олександри Риндовської;3630;3;;;1210100000;;
642;Олександрійська;4509;3;;;1224510100;;
643;Олени Теліги;29758;3;;;8000000000;;
644;Олеся Гончара;3630;3;;;1210100000;;
645;Олімпійська;3636;3;;;1210700000;;
646;Орджонікідзе;3638;3;;;1211000000;;
647;Оренбурзька;3630;3;;;1210100000;;
648;Орська;3630;3;;;1210100000;;
649;Осипа Бодянського;3630;3;;;1210100000;;
650;Осипенка;3636;6;;;1210700000;;
651;Островського;3783;3;;;1221055400;;
652;Островського;3657;3;;;1220310100;;
653;Осіння;4276;3;;;1223255300;;
654;Осіння;3636;3;;;1210700000;;
655;Осіння;3630;3;;;1210100000;;
656;Павла Тичини;3630;3;;;1210100000;;
657;Павла Чубинського;3630;3;;;1210100000;;
658;Павлова;3630;3;;;1210100000;;
659;Панельна;3630;3;;;1210100000;;
660;Панфілова;3636;6;;;1210700000;;
661;Панікахи;3630;3;;;1210100000;;
662;Паркова;3630;3;;;1210100000;;
663;Паркова;3660;3;;;1220310300;;
664;Паркова;3652;3;;;1212400000;;
665;Паркова;3636;3;;;1210700000;;
666;Партизанська;3636;3;;;1210700000;;
667;Парусний;3630;6;;;1210100000;;
668;Пастера;3630;3;;;1210100000;;
669;Патріотична;3630;3;;;1210100000;;
670;Первомайська;4332;3;;;1223581801;;
671;Передова;3630;3;;;1210100000;;
672;Перемоги;3630;3;;;1210100000;;
673;Перемоги;3636;6;;;1210700000;;
674;Перемоги;3638;9;;;1211000000;;
675;Перемоги;3636;3;;;1210700000;;
676;Переможців;3630;3;;;1210100000;;
677;Переможців;3638;3;;;1211000000;;
678;Перша горяна;3630;3;;;1210100000;;
679;Першотравнева;3636;3;;;1210700000;;
680;Першотравнева;4553;3;;;1224583701;;
681;Петра Григоренка;29758;9;;;8000000000;;
682;Петра Калнишевського;3630;3;;;1210100000;;
683;Петровського;3949;3;;;1221884703;;
684;Петровського;4509;3;;;1224510100;;
685;Петровського;3633;3;;;1210400000;;
686;Петровського;3649;3;;;1212100000;;
687;Петровського (Івана Мазепи);3630;9;;;1210100000;;
688;Печорська;3630;3;;;1210100000;;
689;Пирогова;3630;3;;;1210100000;;
690;Пирогова;3636;6;;;1210700000;;
691;Писаржевського;3630;3;;;1210100000;;
692;Плеханова;3630;3;;;1210100000;;
693;Погрузна;3648;3;;;1211900000;;
694;Подільська;3630;3;;;1210100000;;
695;Пожарського;3636;6;;;1210700000;;
696;Пожарського;3636;3;;;1210700000;;
697;Пожарського;3630;6;;;1210100000;;
698;Пожежна;3636;3;;;1210700000;;
699;Поздовжня;23058;3;;;6310100000;;
700;Покровська;3657;3;;;1220310100;;
701;Покровська;3638;3;;;1211000000;;
702;Полкова;3630;3;;;1210100000;;
703;Полтавська;3652;3;;;1212400000;;
704;Польова;4840;3;;;1225283304;;
705;Польова;3636;3;;;1210700000;;
706;Польова;3955;3;;;1221884715;;
707;Полімер-1;3881;3;;;1221486801;;
708;Помаранчева;3630;3;;;1210100000;;
709;Поповича;3638;3;;;1211000000;;
710;Постишева;3638;3;;;1211000000;;
711;Потапова;3636;3;;;1210700000;;
712;Поштова;3636;3;;;1210700000;;
713;Поштова;3652;3;;;1212400000;;
714;Поштовий;3638;9;;;1211000000;;
715;Правди;3630;3;;;1210100000;;
716;Пресова;3630;3;;;1210100000;;
717;Пржевальського;3630;3;;;1210100000;;
718;Привокзальна;3632;3;;;1210200000;;
719;Привокзальний;3636;6;;;1210700000;;
720;Привільна;3630;3;;;1210100000;;
721;Призаводська;3630;3;;;1210100000;;
722;Прогресивна;3630;3;;;1210100000;;
723;Промислова;3652;3;;;1212400000;;
724;Промислова;3636;3;;;1210700000;;
725;Промислова;11098;3;;;3222410600;;
726;Промислова;3630;3;;;1210100000;;
727;Промислова;3632;3;;;1210200000;;
728;Пушкіна;3902;3;;;1221881303;;
729;Пушкіна;3636;6;;;1210700000;;
730;Південна;3891;3;;;1221855500;;
731;Південна;3928;3;;;1221883501;;
732;Південна;3636;3;;;1210700000;;
733;Півнична;3630;3;;;1210100000;;
734;Північна;3648;3;;;1211900000;;
735;Північний;3630;6;;;1210100000;;
736;Північний;3636;6;;;1210700000;;
737;Під'їздна;3636;3;;;1210700000;;
738;Підгірна;3636;3;;;1210700000;;
739;Підгірна;3652;3;;;1212400000;;
740;Підмогильного;3630;3;;;1210100000;;
741;Підстепна;3928;3;;;1221883501;;
742;Підстепна;3917;3;;;1221882401;;
743;Пірогова;3636;6;;;1210700000;;
744;Піхотинська;3638;3;;;1211000000;;
745;Радгоспна;3902;3;;;1221881303;;
746;Радгоспна;3852;3;;;1221455800;;
747;Радгоспна;3852;3;;;1221455800;;
748;Радянська;3638;7;;;1211000000;;
749;Радянська;3914;3;;;1221882203;;
750;Радянська;3648;3;;;1211900000;;
751;Радянська;3652;3;;;1212400000;;
752;Радянської Конституції;3909;3;;;1221882001;;
753;Радіщева;3636;6;;;1210700000;;
754;Райдужний;3636;6;;;1210700000;;
755;Ракетна;3638;3;;;1211000000;;
756;Рассвет;3881;3;;;1221486801;;
757;Рассвет-7;3881;3;;;1221486801;;
758;Революційна;3638;3;;;1211000000;;
759;Ржевська;3630;3;;;1210100000;;
760;Рибалко;3660;3;;;1220310300;;
761;Рибачья;3901;3;;;1221881301;;
762;Рибгоспна;3898;3;;;1221881204;;
763;Рибінська;3630;3;;;1210100000;;
764;Рибінський;3630;6;;;1210100000;;
765;Робоча;3630;3;;;1210100000;;
766;Робітнича;3891;3;;;1221855500;;
767;Робітничий;3636;6;;;1210700000;;
768;Рожевий;3630;6;;;1210100000;;
769;Рози Люксембург;3662;3;;;1220381101;;
770;Рората;3945;3;;;1221884501;;
771;Росинка-4;3881;3;;;1221486801;;
772;Россі;3630;3;;;1210100000;;
773;Руденко;3917;3;;;1221882401;;
774;Рудна;3636;3;;;1210700000;;
775;Рудна;3638;3;;;1211000000;;
776;Рудничний;3636;6;;;1210700000;;
777;Рудішина;3893;3;;;1221880501;;
778;Різдвяний;3636;6;;;1210700000;;
779;Річковий;3636;6;;;1210700000;;
780;Річна;3638;3;;;1211000000;;
781;С. Федорченка;3636;3;;;1210700000;;
782;С. Шилова;3636;3;;;1210700000;;
783;С.Ковалевської;3630;3;;;1210100000;;
784;Савицького;3638;3;;;1211000000;;
785;Савкіна;3630;3;;;1210100000;;
786;Сагайдачна;3648;3;;;1211900000;;
787;Садова;3941;3;;;1221884301;;
788;Садова;3936;3;;;1221884001;;
789;Садова;3660;3;;;1220310300;;
790;Садова;3948;3;;;1221884701;;
791;Садова;3891;3;;;1221855500;;
792;Садова;3783;3;;;1221055400;;
793;Садова;3901;3;;;1221881301;;
794;Садова;3636;3;;;1210700000;;
795;Садова;3632;3;;;1210200000;;
796;Садова;3974;3;;;1221888201;;
797;Садовий;3901;6;;;1221881301;;
798;Садовий;3941;6;;;1221884301;;
799;Саксаганська;4901;3;;;1225287707;;
800;Саксаганська;3636;3;;;1210700000;;
801;Саксаганьська;3941;3;;;1221884301;;
802;Свердлова;3630;3;;;1210100000;;
803;Светлова;3652;3;;;1212400000;;
804;Свободи;3636;2;;;1210700000;;
805;Свєтлова;3630;3;;;1210100000;;
806;Світла;3638;3;;;1211000000;;
807;Севастопольська;3636;3;;;1210700000;;
808;Селянський узвіз;3630;3;;;1210100000;;
809;Семашка;3638;3;;;1211000000;;
810;Сергія Заїки;3638;3;;;1211000000;;
811;Сергія Нігояна;3630;9;;;1210100000;;
812;Серпнева;3630;3;;;1210100000;;
813;Серпуховська;3630;3;;;1210100000;;
814;Симбірцева;3638;3;;;1211000000;;
815;Слов'янська;3974;3;;;1221888201;;
816;Смарагдовий;3630;6;;;1210100000;;
817;Сніжний;3636;6;;;1210700000;;
818;Соборна;3630;7;;;1210100000;;
819;Соборна;3652;3;;;1212400000;;
820;Соборності;3638;3;;;1211000000;;
821;Собінова;3630;3;;;1210100000;;
822;Совхозна;3852;3;;;1221455800;;
823;Сокіл;3630;3;;;1210100000;;
824;Соловйова;4576;3;;;1224587001;;
825;Солом'янська;3630;3;;;1210100000;;
826;Солом'янська;29758;3;;;8000000000;;
827;Солідарна;3630;3;;;1210100000;;
828;Сонячна;3953;3;;;1221884711;;
829;Сонячна;3630;3;;;1210100000;;
830;Сонячна;3974;3;;;1221888201;;
831;Сонячна;3941;3;;;1221884301;;
832;Сонячна;3901;3;;;1221881301;;
833;Сонячний;3636;6;;;1210700000;;
834;Сорокового;3630;3;;;1210100000;;
835;Софіївська;3630;3;;;1210100000;;
836;Софіївська;3957;3;;;1221885901;;
837;Спартака;3652;3;;;1212400000;;
838;Спортивна;3636;3;;;1210700000;;
839;Спортивна;3783;3;;;1221055400;;
840;Спортивна;5018;3;;;1225855313;;
841;Спортивна;4276;3;;;1223255300;;
842;Спортивний;3783;6;;;1221055400;;
843;Станіславського;3636;3;;;1210700000;;
844;Станіславського;3636;6;;;1210700000;;
845;Старицького;3630;3;;;1210100000;;
846;Старицького;3636;3;;;1210700000;;
847;Старицького;3636;6;;;1210700000;;
848;Старобєльська;3630;3;;;1210100000;;
849;Старова;3630;3;;;1210100000;;
850;Старокодацька;3630;3;;;1210100000;;
851;Старокозацька;3630;3;;;1210100000;;
852;Стартова;3630;3;;;1210100000;;
853;Сташкова;3652;3;;;1212400000;;
854;Степна;3974;3;;;1221888201;;
855;Степна;3901;3;;;1221881301;;
856;Степна;3972;3;;;1221887704;;
857;Степна;3636;3;;;1210700000;;
858;Степова;3972;3;;;1221887704;;
859;Степова;4840;3;;;1225283304;;
860;Степова;3974;3;;;1221888201;;
861;Степова;3901;3;;;1221881301;;
862;Степова;3632;3;;;1210200000;;
863;Степова;4528;3;;;1224581009;;
864;Степова;3820;3;;;1221084109;;
865;Степовий;3974;6;;;1221888201;;
866;Степовий;3936;6;;;1221884001;;
867;Степовий;3972;6;;;1221887704;;
868;Степового фронту;3652;3;;;1212400000;;
869;Стовби;3636;3;;;1210700000;;
870;Студентський;3630;6;;;1210100000;;
871;Суворова;3630;3;;;1210100000;;
872;Суворова;29758;3;;;8000000000;;
873;Сурська;3630;3;;;1210100000;;
874;Східна;3954;3;;;1221884713;;
875;Східний;3974;3;;;1221888201;;
876;Східний;3636;6;;;1210700000;;
877;Сєдова;3630;3;;;1210100000;;
878;Сєрова;3630;3;;;1210100000;;
879;Сєрова;3636;6;;;1210700000;;
880;Сімферопольська;3630;3;;;1210100000;;
881;Січеславська;3638;3;;;1211000000;;
882;Танкова;4276;3;;;1223255300;;
883;Тарасова;3632;3;;;1210200000;;
884;Татарська;3630;3;;;1210100000;;
885;Театральна;3630;3;;;1210100000;;
886;Театральна;3973;3;;;1221887706;;
887;Театральна;3820;3;;;1221084109;;
888;Терешкової;3783;3;;;1221055400;;
889;Терешкової;3783;6;;;1221055400;;
890;Терешкової;3936;3;;;1221884001;;
891;Тимофія Шамрила;29758;3;;;8000000000;;
892;Тимірязєва;3636;3;;;1210700000;;
893;Тираспільська;3630;3;;;1210100000;;
894;Титова;3630;3;;;1210100000;;
895;Тиха;3636;3;;;1210700000;;
896;Толстого;3657;3;;;1220310100;;
897;Толстого;3648;3;;;1211900000;;
898;Тополина;3902;3;;;1221881303;;
899;Тополина;3630;3;;;1210100000;;
900;Тополя;3630;15;;;1210100000;;
901;Тополя 3;3630;15;;;1210100000;;
902;Тополя-1;3630;15;;;1210100000;;
903;Тополя-3;3630;15;;;1210100000;;
904;Торгова;3649;3;;;1212100000;;
905;Тракторна;3630;3;;;1210100000;;
906;Транспортна;3636;3;;;1210700000;;
907;Трудова;3906;3;;;1221881404;;
908;Тулузи;29758;3;;;8000000000;;
909;Тунельна;3630;3;;;1210100000;;
910;Тупикова;3630;3;;;1210100000;;
911;Тупиковий;3636;6;;;1210700000;;
912;Тургенєва;3636;6;;;1210700000;;
913;Тухачевського;3638;3;;;1211000000;;
914;Тюленіна;3636;6;;;1210700000;;
915;Тіниста;3630;3;;;1210100000;;
916;Тіниста;3974;3;;;1221888201;;
917;Тітова;3679;3;;;122038550;;
918;Удільний;3636;6;;;1210700000;;
919;Українська;25041;3;;;6521880701;;
920;Українська;3638;3;;;1211000000;;
921;Українська;3630;3;;;1210100000;;
922;Українська;3636;3;;;1210700000;;
923;Українська;3901;3;;;1221881301;;
924;Уманська;29758;3;;;8000000000;;
925;Уманська;3630;3;;;1210100000;;
926;Універсальна;3638;3;;;1211000000;;
927;Університетський;3630;6;;;1210100000;;
928;Уральська;3630;3;;;1210100000;;
929;Урицького;3638;3;;;1211000000;;
930;Усенко;3630;3;;;1210100000;;
931;Ухтомського;3638;3;;;1211000000;;
932;Фабрично-Заводська;3630;3;;;1210100000;;
933;Федора Дацька;3638;3;;;1211000000;;
934;Федорової Т.;3652;3;;;1212400000;;
935;Франка;3636;3;;;1210700000;;
936;Фурманова;3630;3;;;1210100000;;
937;Фучика;3630;3;;;1210100000;;
938;Фіалковий;3630;6;;;1210100000;;
939;Фізкультури;29758;3;;;8000000000;;
940;Філатова;3636;6;;;1210700000;;
941;Філатова;3630;3;;;1210100000;;
942;Філософська;3630;3;;;1210100000;;
943;ХХII партз'їзду;3630;3;;;1210100000;;
944;Хабаровська;3638;3;;;1211000000;;
945;Херсонеський;3636;6;;;1210700000;;
946;Херсонська;3630;3;;;1210100000;;
947;Хмельницького;3632;3;;;1210200000;;
948;Хмельницького;4527;3;;;1224581005;;
949;Хмельницького;3636;3;;;1210700000;;
950;Холодноярська;3630;3;;;1210100000;;
951;Хрещатик;29758;3;;;8000000000;;
952;Цвітна;3973;3;;;1221887706;;
953;Цвітна;3902;3;;;1221881303;;
954;Цементників;3671;3;;;1220383302;;
955;Центральна;3941;3;;;1221884301;;
956;Центральна;4901;3;;;1225287707;;
957;Центральна;3652;3;;;1212400000;;
958;Центральна;4840;3;;;1225283304;;
959;Центральна;3783;3;;;1221055400;;
960;Центральна;3850;3;;;1221455400;;
961;Центральна;3632;3;;;1210200000;;
962;Центральна;3657;3;;;1220310100;;
963;Центральна;3974;3;;;1221888201;;
964;Центральна;4890;3;;;1225286606;;
965;Центральна;3928;3;;;1221883501;;
966;Центральна;3891;3;;;1221855500;;
967;Центральна;3956;3;;;1221884717;;
968;Центральна;3902;3;;;1221881303;;
969;Центральна;3880;3;;;1221486601;;
970;Центральна;5014;3;;;1225855305;;
971;Центрально-міська;3936;3;;;1221884001;;
972;Церковна;3974;3;;;1221888201;;
973;Ціолковського;3636;3;;;1210700000;;
974;Чайковського;3636;7;;;1210700000;;
975;Чайковського;3652;3;;;1212400000;;
976;Чапаєва;3901;3;;;1221881301;;
977;Чаплигіна;3638;3;;;1211000000;;
978;Червоний;3636;6;;;1210700000;;
1002;Шевченко;3901;3;;;1221881301;;
979;Червоний Шахтар;3901;3;;;1221881301;;
980;Червоного Хреста;3636;3;;;1210700000;;
981;Червонозоряний;29758;9;;;8000000000;;
982;Червоноткацька;29758;3;;;8000000000;;
983;Чернишевського;3630;3;;;1210100000;;
984;Черняхівського;3636;3;;;1210700000;;
985;Чехова;3636;6;;;1210700000;;
986;Чичеріна;3630;3;;;1210100000;;
987;Чкалова;3636;3;;;1210700000;;
988;Чкалова;3630;3;;;1210100000;;
989;Чорноморська;3630;3;;;1210100000;;
990;Чудський;3630;6;;;1210100000;;
991;Шаховий проїзд;3630;3;;;1210100000;;
992;Шахтарський;3636;6;;;1210700000;;
993;Шахтарської Слави;3636;3;;;1210700000;;
994;Шевченка;3909;3;;;1221882001;;
995;Шевченка;3652;3;;;1212400000;;
996;Шевченка;3657;3;;;1220310100;;
997;Шевченка;3630;3;;;1210100000;;
998;Шевченка;3630;7;;;1210100000;;
999;Шевченка;29758;6;;;8000000000;;
1000;Шевченка;3684;3;;;1220387701;;
1001;Шевченка;3636;3;;;1210700000;;
1003;Шевченко;3632;3;;;1210200000;;
1004;Шевченко;3902;3;;;1221881303;;
1005;Шевченко;3636;3;;;1210700000;;
1006;Шевченко;3939;3;;;1221884005;;
1007;Шелгунова;3630;3;;;1210100000;;
1008;Шинна;3630;3;;;1210100000;;
1009;Широка;4738;3;;;1225081001;;
1010;Широківська;3974;3;;;1221888201;;
1011;Шкопенко;3913;3;;;1221882201;;
1012;Шкільна;3875;3;;;1221486207;;
1013;Шкільна;3891;3;;;1221855500;;
1014;Шкільна;3783;3;;;1221055400;;
1015;Шкільна;3902;3;;;1221881303;;
1016;Шкільна;3636;3;;;1210700000;;
1017;Шкільна;3941;3;;;1221884301;;
1018;Шкільна;3901;3;;;1221881301;;
1019;Шкільний;3901;6;;;1221881301;;
1020;Шкільний;3891;6;;;1221855500;;
1021;Шкільний;3783;6;;;1221055400;;
1022;Шмідта;3638;3;;;1211000000;;
1023;Шмідта;3630;3;;;1210100000;;
1024;Шосейна;3676;3;;;1220384401;;
1025;Шпакова;3630;3;;;1210100000;;
1026;Штабний;3630;6;;;1210100000;;
1027;Шутя;3652;3;;;1212400000;;
1028;Щаслива;3636;3;;;1210700000;;
1029;Щаслива;3891;3;;;1221855500;;
1030;Щорса;3652;3;;;1212400000;;
1031;Щорса;3901;3;;;1221881301;;
1032;Ювілейна;3948;3;;;1221884701;;
1033;Ювілейна;3954;3;;;1221884713;;
1034;Ювілейна;4509;3;;;1224510100;;
1035;Ювілейна;4276;3;;;1223255300;;
1036;Юдіна;3630;3;;;1210100000;;
1037;Юрія Кажанова;3638;3;;;1211000000;;
1038;Юрія Савченка;3630;3;;;1210100000;;
1039;Яворницького;3636;3;;;1210700000;;
1040;Якіра;3638;3;;;1211000000;;
1041;Ялинкова;3638;3;;;1211000000;;
1042;Ялицевий;3630;6;;;1210100000;;
1043;Ярова;3636;3;;;1210700000;;
1044;Ярослава Мудрого;3636;3;;;1210700000;;
1045;Яхонтова;3630;3;;;1210100000;;
1046;пос. Завода;3936;3;;;1221884001;;
1047;ім. Ю.М. Устенка;3632;3;;;1210200000;;
