1530005138~Т-0,66 10/5 (0,5)~J00010/5
1530005139~Т-0,66 10/5 (0,5s)~J00010/5
1530005140~Т-0,66 100/5 (0,5)~J00100/5
1530005141~Т-0,66 100/5 (0,5s)~J00100/5
1530005142~Т-0,66 1000/5 (0,5)~J01000/5
1530005143~Т-0,66 1000/5 (0,5s)~J01000/5
1530005144~Т-0,66 1200/5 (0,5)~J01200/5
1530005145~Т-0,66 1200/5 (0,5s)~J01200/5
1530005146~Т-0,66 15/5 (0,5)~J00015/5
1530005147~Т-0,66 15/5 (0,5s)~J00015/5
1530005148~Т-0,66 150/5 (0,5)~J00150/5
1530005149~Т-0,66 150/5 (0,5s)~J00150/5
1530005150~Т-0,66 1500/5 (0,5)~J01500/5
1530005151~Т-0,66 1500/5 (0,5s)~J01500/5
1530005152~Т-0,66 20/5 (0,5)~J00020/5
1530005153~Т-0,66 20/5 (0,5s)~J00020/5
1530005154~Т-0,66 200/5 (0,5)~J00200/5
1530005155~Т-0,66 200/5 (0,5s)~J00200/5
1530005156~Т-0,66 2000/5 (0,5)~J02000/5
1530005157~Т-0,66 2000/5 (0,5s)~J02000/5
1530005861~Т-0,66 250/5 (0,5s)~J00250/5
1530005158~Т-0,66 30/5 (0,5)~J00030/5
1530005159~Т-0,66 30/5 (0,5s)~J00030/5
1530005160~Т-0,66 300/5 (0,5)~J00300/5
1530005161~Т-0,66 300/5 (0,5s)~J00300/5
1530005162~Т-0,66 3000/5 (0,5)~J03000/5
1530005163~Т-0,66 3000/5 (0,5s)~J03000/5
1530005164~Т-0,66 40/5 (0,5)~J00040/5
1530005165~Т-0,66 40/5 (0,5s)~J00040/5
1530005166~Т-0,66 400/5 (0,5)~J00400/5
1530005167~Т-0,66 400/5 (0,5s)~J00400/5
1530005168~Т-0,66 5/5 (0,5)~J00005/5
1530005169~Т-0,66 5/5 (0,5s)~J00005/5
1530005170~Т-0,66 50/5 (0,5)~J00050/5
1530005171~Т-0,66 50/5 (0,5s)~J00050/5
1530005172~Т-0,66 500/5 (0,5)~J00500/5
1530005173~Т-0,66 500/5 (0,5s)~J00500/5
1530005174~Т-0,66 5000/5 (0,5)~J05000/5
1530005175~Т-0,66 600/5 (0,5)~J00600/5
1530005176~Т-0,66 600/5 (0,5s)~J00600/5
1530005177~Т-0,66 75/5 (0,5)~J00075/5
1530005178~Т-0,66 75/5 (0,5s)~J00075/5
1530005179~Т-0,66 750/5 (0,5)~J00750/5
1530005180~Т-0,66 750/5 (0,5s)~J00750/5
1530005181~Т-0,66 800/5 (0,5)~J00800/5
1530005182~Т-0,66 800/5 (0,5s)~J00800/5
1530005183~Т-0,66 А 600/5 (0,5s)~J00600/5
1530005184~Т-0,66 УЗ 100/5 (0,5s)~J00100/5
1530005185~Т-0,66 УЗ 1000/5 (0,5s)~J01000/5
1530005186~Т-0,66 УЗ 150/5 (0,5s)~J00150/5
1530005187~Т-0,66 УЗ 1500/5 (0,5s)~J01500/5
1530005188~Т-0,66 УЗ 200/5 (0,5s)~J00200/5
1530005189~Т-0,66 УЗ 250/5 (0,5)~J00250/5
1530005190~Т-0,66 УЗ 250/5 (0,5s)~J00250/5
1530005191~Т-0,66 УЗ 300/5 (0,5s)~J00300/5
1530005192~Т-0,66 УЗ 500/5 (0,5s)~J00500/5
1530005193~Т-0,66 УЗ 600/5 (0,5s)~J00600/5
1530005194~Т-0,66 УЗ 75/5 (0,5s)~J00075/5
1530005195~Т-0,66-1 1000/5 (0,5s)~J01000/5
1530005122~Т-0,66-1-УЗ 100/5 (0,5s)~J00100/5
1530005123~Т-0,66-1-УЗ 150/5 (0,5s)~J00150/5
1530005196~Т-0,66-1-УЗ 20/5 (0,5s)~J00020/5
1530005124~Т-0,66-1-УЗ 200/5 (0,5s)~J00200/5
1530005197~Т-0,66-1-УЗ 30/5 (0,5s)~J00030/5
1530005125~Т-0,66-1-УЗ 300/5 (0,5s)~J00300/5
1530005198~Т-0,66-1-УЗ 40/5 (0,5s)~J00040/5
1530005126~Т-0,66-1-УЗ 400/5 (0,5s)~J00400/5
1530005199~Т-0,66-1-УЗ 50/5 (0,5s)~J00050/5
1530005127~Т-0,66-1-УЗ 600/5 (0,5s)~J00600/5
1530005200~Т-0,66-1-УЗ 75/5 (0,5s)~J00075/5
1530005128~Т-0,66-1-УЗ 800/5 (0,5s)~J00800/5
1530005201~ТВ-110 1000/5 (0,2)~I01000/5
1530005202~ТВ-110 500/5 (0,5)~I00500/5
1530005203~ТВ-110 600/5 (0,5)~I00600/5
1530005204~ТВ-110 750/5 (0,5)~I00750/5
1530005966~ТВК-10 150/5(0,5)~I00150/5
1530006019~ТВЛ-10 200/5(0,5)~I00200/5
1530005205~ТВЛМ-10 100/5 (0,5)~I00100/5
1530005206~ТВЛМ-10 1000/5 (0,5)~I01000/5
1530005207~ТВЛМ-10 150/5 (0,5)~I00150/5
1530005208~ТВЛМ-10 200/5 (0,5)~I00200/5
1530005209~ТВЛМ-10 300/5 (0,5)~I00300/5
1530005210~ТВЛМ-10 40/5 (0,5)~I00040/5
1530005211~ТВЛМ-10 400/5 (0,5)~I00400/5
1530005212~ТВЛМ-10 50/5 (0,5)~I00050/5
1530005213~ТВЛМ-10 600/5 (0,5)~I00600/5
1530005214~ТВЛМ-10 75/5 (0,5)~I00075/5
1530005215~ТВЛМ-10 800/5 (0,5)~I00800/5
1530005216~ТЛ-10 100/5 (0,2)~I00100/5
1530005217~ТЛ-10 100/5 (0,5)~I00100/5
1530005218~ТЛ-10 1000/5 (0,2)~I01000/5
1530005219~ТЛ-10 1000/5 (0,5)~I01000/5
1530005220~ТЛ-10 150/5 (0,2)~I00150/5
1530005221~ТЛ-10 150/5 (0,5)~I00150/5
1530005222~ТЛ-10 1500/5 (0,2)~I01500/5
1530005223~ТЛ-10 1500/5 (0,5)~I01500/5
1530005224~ТЛ-10 200/5 (0,2)~I00200/5
1530005225~ТЛ-10 200/5 (0,5)~I00200/5
1530005226~ТЛ-10 2000/5 (0,2)~I02000/5
1530005227~ТЛ-10 2000/5 (0,5)~I02000/5
1530005228~ТЛ-10 300/5 (0,2)~I00300/5
1530005229~ТЛ-10 300/5 (0,5)~I00300/5
1530005230~ТЛ-10 3000/5 (0,2)~I03000/5
1530005231~ТЛ-10 3000/5 (0,5)~I03000/5
1530005232~ТЛ-10 400/5 (0,2)~I00400/5
1530005233~ТЛ-10 400/5 (0,5)~I00400/5
1530005234~ТЛ-10 50/5 (0,2)~I00050/5
1530005235~ТЛ-10 50/5 (0,5)~I00050/5
1530005236~ТЛ-10 600/5 (0,2)~I00600/5
1530005237~ТЛ-10 600/5 (0,5)~I00600/5
1530005238~ТЛ-10 800/5 (0,2)~I00800/5
1530005239~ТЛ-10 800/5 (0,5)~I00800/5
1530005258~ТЛК10-5,6 100/5 (0,5)~I00100/5
1530005259~ТЛК10-5,6 1000/5 (0,5)~I01000/5
1530005260~ТЛК10-5,6 150/5 (0,5)~I00150/5
1530005261~ТЛК10-5,6 1500/5 (0,5)~I01500/5
1530005262~ТЛК10-5,6 20/5 (0,5)~I00020/5
1530005263~ТЛК10-5,6 200/5 (0,5)~I00200/5
1530005264~ТЛК10-5,6 2000/5 (0,5)~I02000/5
1530005265~ТЛК10-5,6 30/5 (0,5)~I00030/5
1530005266~ТЛК10-5,6 300/5 (0,5)~I00300/5
1530005267~ТЛК10-5,6 40/5 (0,5)~I00040/5
1530005268~ТЛК10-5,6 400/5 (0,5)~I00400/5
1530005269~ТЛК10-5,6 50/5 (0,5)~I00050/5
1530005270~ТЛК10-5,6 600/5 (0,5)~I00600/5
1530005271~ТЛК10-5,6 75/5 (0,5)~I00075/5
1530005272~ТЛК10-5,6 800/5 (0,5)~I00800/5
1530005240~ТЛК-35 1000/5 (0,2)~I01000/5
1530005241~ТЛК-35 1000/5 (0,5)~I01000/5
1530005242~ТЛК-35 150/5 (0,2)~I00150/5
1530005243~ТЛК-35 150/5 (0,5)~I00150/5
1530005244~ТЛК-35 1500/5 (0,2)~I01500/5
1530005245~ТЛК-35 1500/5 (0,5)~I01500/5
1530005246~ТЛК-35 200/5 (0,2)~I00200/5
1530005247~ТЛК-35 200/5 (0,5)~I00200/5
1530005248~ТЛК-35 2000/5 (0,5)~I02000/5
1530005249~ТЛК-35 300/5 (0,2)~I00300/5
1530005250~ТЛК-35 300/5 (0,5)~I00300/5
1530005251~ТЛК-35 3000/5 (0,5)~I03000/5
1530005252~ТЛК-35 400/5 (0,2)~I00400/5
1530005253~ТЛК-35 400/5 (0,5)~I00400/5
1530005254~ТЛК-35 600/5 (0,2)~I00600/5
1530005255~ТЛК-35 600/5 (0,5)~I00600/5
1530005256~ТЛК-35 800/5 (0,2)~I00800/5
1530005257~ТЛК-35 800/5 (0,5)~I00800/5
1530005945~ТЛМ-10 100/5(0,5)~I00100/5
1530005863~ТЛМ-10 150/5~I00150/5
1530005273~ТЛШ-10 1000/5 (0,2)~I01000/5
1530005274~ТЛШ-10 1000/5 (0,5)~I01000/5
1530005275~ТЛШ-10 1500/5 (0,2)~I01500/5
1530005276~ТЛШ-10 1500/5 (0,5)~I01500/5
1530005277~ТЛШ-10 2000/5 (0,2)~I02000/5
1530005278~ТЛШ-10 2000/5 (0,5)~I02000/5
1530005279~ТЛШ-10 3000/5 (0,2)~I03000/5
1530005280~ТЛШ-10 3000/5 (0,5)~I03000/5
1530005281~ТЛШ-10 4000/5 (0,2)~I04000/5
1530005282~ТЛШ-10 4000/5 (0,5)~I04000/5
1530005283~ТЛШ-10 5000/5 (0,2)~I05000/5
1530005284~ТЛШ-10 5000/5 (0,5)~I05000/5
1530005285~ТНШЛ-0,66 1000/5 (0,5)~J01000/5
1530005286~ТНШЛ-0,66 1500/5 (0,5)~J01500/5
1530005287~ТНШЛ-0,66 2000/5 (0,5)~J02000/5
1530005288~ТНШЛ-0,66 3000/5 (0,5)~J03000/5
1530005289~ТНШЛ-0,66 4000/5 (0,5)~J04000/5
1530005290~ТНШЛ-0,66 5000/5 (0,5)~J05000/5
1530005291~ТНШЛ-0,66 600/5 (0,5)~J00600/5
1530005292~ТНШЛ-0,66 800/5 (0,5)~J00800/5
1530005293~ТОЛ-10 10/5 (0,2)~I00010/5
1530005294~ТОЛ-10 10/5 (0,5)~I00010/5
1530005295~ТОЛ-10 10/5 (0,5s)~I00010/5
1530005296~ТОЛ-10 100/5 (0,2)~I00100/5
1530005297~ТОЛ-10 100/5 (0,5)~I00100/5
1530005298~ТОЛ-10 100/5 (0,5s)~I00100/5
1530005299~ТОЛ-10 1000/5 (0,2)~I01000/5
1530005300~ТОЛ-10 1000/5 (0,5)~I01000/5
1530005301~ТОЛ-10 1000/5 (0,5s)~I01000/5
1530005302~ТОЛ-10 1200/5 (0,2)~I01200/5
1530005303~ТОЛ-10 1200/5 (0,5)~I01200/5
1530005304~ТОЛ-10 15/5 (0,2)~I00015/5
1530005305~ТОЛ-10 15/5 (0,5)~I00015/5
1530005306~ТОЛ-10 15/5 (0,5s)~I00015/5
1530005307~ТОЛ-10 150/5 (0,2)~I00150/5
1530005308~ТОЛ-10 150/5 (0,5)~I00150/5
1530005309~ТОЛ-10 150/5 (0,5s)~I00150/5
1530005310~ТОЛ-10 1500/5 (0,2)~I01500/5
1530005311~ТОЛ-10 1500/5 (0,5)~I01500/5
1530005312~ТОЛ-10 20/5 (0,2)~I00020/5
1530005313~ТОЛ-10 20/5 (0,5)~I00020/5
1530005314~ТОЛ-10 20/5 (0,5s)~I00020/5
1530005315~ТОЛ-10 200/5 (0,2)~I00200/5
1530005316~ТОЛ-10 200/5 (0,5)~I00200/5
1530005317~ТОЛ-10 200/5 (0,5s)~I00200/5
1530005318~ТОЛ-10 30/5 (0,2)~I00030/5
1530005319~ТОЛ-10 30/5 (0,5)~I00030/5
1530005320~ТОЛ-10 30/5 (0,5s)~I00030/5
1530005321~ТОЛ-10 300/5 (0,2)~I00300/5
1530005322~ТОЛ-10 300/5 (0,5)~I00300/5
1530005323~ТОЛ-10 300/5 (0,5s)~I00300/5
1530005324~ТОЛ-10 40/5 (0,2)~I00040/5
1530005325~ТОЛ-10 40/5 (0,5)~I00040/5
1530005326~ТОЛ-10 40/5 (0,5s)~I00040/5
1530005327~ТОЛ-10 400/5 (0,2)~I00400/5
1530005328~ТОЛ-10 400/5 (0,5)~I00400/5
1530005329~ТОЛ-10 400/5 (0,5s)~I00400/5
1530005330~ТОЛ-10 5/5 (0,2)~I00005/5
1530005331~ТОЛ-10 5/5 (0,5)~I00005/5
1530005332~ТОЛ-10 50/5 (0,2)~I00050/5
1530005333~ТОЛ-10 50/5 (0,5)~I00050/5
1530005334~ТОЛ-10 50/5 (0,5s)~I00050/5
1530005335~ТОЛ-10 500/5 (0,2)~I00500/5
1530005336~ТОЛ-10 500/5 (0,5)~I00500/5
1530005337~ТОЛ-10 500/5 (0,5s)~I00500/5
1530005338~ТОЛ-10 600/5 (0,2)~I00600/5
1530005339~ТОЛ-10 600/5 (0,5)~I00600/5
1530005340~ТОЛ-10 600/5 (0,5s)~I00600/5
1530005341~ТОЛ-10 75/5 (0,2)~I00075/5
1530005342~ТОЛ-10 75/5 (0,5)~I00075/5
1530005343~ТОЛ-10 75/5 (0,5s)~I00075/5
1530005344~ТОЛ-10 750/5 (0,2)~I00750/5
1530005345~ТОЛ-10 750/5 (0,5)~I00750/5
1530005346~ТОЛ-10 750/5 (0,5s)~I00750/5
1530005347~ТОЛ-10 80/5 (0,2)~I00080/5
1530005348~ТОЛ-10 80/5 (0,5)~I00080/5
1530005349~ТОЛ-10 80/5 (0,5s)~I00080/5
1530005350~ТОЛ-10 800/5 (0,2)~I00800/5
1530005351~ТОЛ-10 800/5 (0,5)~I00800/5
1530005352~ТОЛ-10 800/5 (0,5s)~I00800/5
1530005353~ТОЛ-110 100/5 (0,2)~I00100/5
1530005354~ТОЛ-110 100/5 (0,5)~I00100/5
1530005355~ТОЛ-110 1000/5 (0,2)~I01000/5
1530005356~ТОЛ-110 1000/5 (0,5)~I01000/5
1530005357~ТОЛ-110 1200/5 (0,2)~I01200/5
1530005358~ТОЛ-110 1200/5 (0,5)~I01200/5
1530005359~ТОЛ-110 150/5 (0,2)~I00150/5
1530005360~ТОЛ-110 150/5 (0,5)~I00150/5
1530005361~ТОЛ-110 1500/5 (0,2)~I01500/5
1530005362~ТОЛ-110 1500/5 (0,5)~I01500/5
1530005363~ТОЛ-110 200/5 (0,2)~I00200/5
1530005364~ТОЛ-110 200/5 (0,5)~I00200/5
1530005365~ТОЛ-110 2000/5 (0,2)~I02000/5
1530005366~ТОЛ-110 2000/5 (0,5)~I02000/5
1530005367~ТОЛ-110 300/5 (0,2)~I00300/5
1530005368~ТОЛ-110 300/5 (0,5)~I00300/5
1530005369~ТОЛ-110 400/5 (0,2)~I00400/5
1530005370~ТОЛ-110 400/5 (0,5)~I00400/5
1530005371~ТОЛ-110 50/5 (0,2)~I00050/5
1530005372~ТОЛ-110 50/5 (0,5)~I00050/5
1530005373~ТОЛ-110 500/5 (0,2)~I00500/5
1530005374~ТОЛ-110 500/5 (0,5)~I00500/5
1530005375~ТОЛ-110 600/5 (0,2)~I00600/5
1530005376~ТОЛ-110 600/5 (0,5)~I00600/5
1530005377~ТОЛ-110 75/5 (0,2)~I00075/5
1530005378~ТОЛ-110 75/5 (0,5)~I00075/5
1530005379~ТОЛ-110 750/5 (0,2)~I00750/5
1530005380~ТОЛ-110 750/5 (0,5)~I00750/5
1530005381~ТОЛ-110 800/5 (0,2)~I00800/5
1530005382~ТОЛ-110 800/5 (0,5)~I00800/5
1530004193~ТОЛ-12 100/5 (0,5s)~I00100/5
1530004191~ТОЛ-12 150/5 (0,5s)~I00150/5
1530004202~ТОЛ-12 200/5 (0,5s)~I00200/5
~ТОЛ-12 300/5 (0,5s)~I00300/5
1530004196~ТОЛ-12 400/5 (0,5s)~I00400/5
1530004192~ТОЛ-12 50/5 (0,5s)~I00050/5
1530004190~ТОЛ-12 75/5 (0,5s)~I00075/5
1530005383~ТОЛ-35 100/5 (0,2)~I00100/5
1530005384~ТОЛ-35 100/5 (0,5)~I00100/5
1530005385~ТОЛ-35 1000/5 (0,2)~I01000/5
1530005386~ТОЛ-35 1000/5 (0,5)~I01000/5
1530005387~ТОЛ-35 15/5 (0,2)~I00015/5
1530005388~ТОЛ-35 15/5 (0,5)~I00015/5
1530005389~ТОЛ-35 150/5 (0,2)~I00150/5
1530005390~ТОЛ-35 150/5 (0,5)~I00150/5
1530005391~ТОЛ-35 1500/5 (0,2)~I01500/5
1530005392~ТОЛ-35 1500/5 (0,5)~I01500/5
1530005393~ТОЛ-35 20/5 (0,2)~I00020/5
1530005394~ТОЛ-35 20/5 (0,5)~I00020/5
1530005395~ТОЛ-35 200/5 (0,2)~I00200/5
1530005396~ТОЛ-35 200/5 (0,5)~I00200/5
1530005397~ТОЛ-35 2000/5 (0,2)~I02000/5
1530005398~ТОЛ-35 2000/5 (0,5)~I02000/5
1530005399~ТОЛ-35 30/5 (0,2)~I00030/5
1530005400~ТОЛ-35 30/5 (0,5)~I00030/5
1530005401~ТОЛ-35 300/5 (0,2)~I00300/5
1530005402~ТОЛ-35 300/5 (0,5)~I00300/5
1530005403~ТОЛ-35 40/5 (0,2)~I00040/5
1530005404~ТОЛ-35 40/5 (0,5)~I00040/5
1530005405~ТОЛ-35 400/5 (0,2)~I00400/5
1530005406~ТОЛ-35 400/5 (0,5)~I00400/5
1530005407~ТОЛ-35 50/5 (0,2)~I00050/5
1530005408~ТОЛ-35 50/5 (0,5)~I00050/5
1530005409~ТОЛ-35 600/5 (0,2)~I00600/5
1530005410~ТОЛ-35 600/5 (0,5)~I00600/5
1530005411~ТОЛ-35 75/5 (0,2)~I00075/5
1530005412~ТОЛ-35 75/5 (0,5)~I00075/5
1530005413~ТОЛ-35 800/5 (0,2)~I00800/5
1530005414~ТОЛ-35 800/5 (0,5)~I00800/5
1530005415~ТОЛА-10 100/5 (0,5s)~I00100/5
1530005416~ТОЛА-10 150/5 (0,5s)~I00150/5
1530005417~ТОЛА-10 20/5 (0,5s)~I00020/5
1530005418~ТОЛА-10 200/5 (0,5s)~I00200/5
1530005419~ТОЛА-10 30/5 (0,5s)~I00030/5
1530005420~ТОЛА-10 300/5 (0,5s)~I00300/5
1530005421~ТОЛА-10 40/5 (0,5s)~I00040/5
1530005422~ТОЛА-10 400/5 (0,5s)~I00400/5
1530005423~ТОЛА-10 50/5 (0,5s)~I00050/5
1530005424~ТОЛА-10 500/5 (0,5s)~I00500/5
1530005425~ТОЛА-10 600/5 (0,5s)~I00600/5
1530005426~ТОЛА-10 75/5 (0,5s)~I00075/5
1530005427~ТОЛА-10 80/5 (0,5s)~I00080/5
1530005428~ТОЛК-10 100/5 (1)~I00100/5
1530005429~ТОЛК-10 150/5 (1)~I00150/5
1530005430~ТОЛК-10 200/5 (0,5)~I00200/5
1530005431~ТОЛК-10 300/5 (0,5)~I00300/5
1530005432~ТОЛК-10 400/5 (0,5)~I00400/5
1530005433~ТОЛК-10 50/5 (1)~I00050/5
1530005434~ТОЛК-10 600/5 (0,5)~I00600/5
1530005435~ТОЛК-10 80/5 (1)~I00080/5
1530005436~ТОЛК-6 100/5 (1)~I00100/5
1530005437~ТОЛК-6 150/5 (1)~I00150/5
1530005438~ТОЛК-6 200/5 (1)~I00200/5
1530005439~ТОЛК-6 300/5 (1)~I00300/5
1530005440~ТОЛК-6 400/5 (1)~I00400/5
1530005441~ТОЛК-6 50/5 (1)~I00050/5
1530005442~ТОЛК-6 600/5 (1)~I00600/5
1530005443~ТОЛК-6 80/5 (1)~I00080/5
1530005444~ТОЛУ-10 10/5 (0,5s)~I00010/5
1530005445~ТОЛУ-10 100/5 (0,5s)~I00100/5
1530005446~ТОЛУ-10 1000/5 (0,5s)~I01000/5
1530005447~ТОЛУ-10 15/5 (0,5s)~I00015/5
1530005448~ТОЛУ-10 150/5 (0,5s)~I00150/5
1530005449~ТОЛУ-10 20/5 (0,5s)~I00020/5
1530005450~ТОЛУ-10 200/5 (0,5s)~I00200/5
1530005451~ТОЛУ-10 30/5 (0,5s)~I00030/5
1530005452~ТОЛУ-10 300/5 (0,5s)~I00300/5
1530005453~ТОЛУ-10 40/5 (0,5s)~I00040/5
1530005454~ТОЛУ-10 400/5 (0,5s)~I00400/5
1530005455~ТОЛУ-10 50/5 (0,5s)~I00050/5
1530005456~ТОЛУ-10 500/5 (0,5s)~I00500/5
1530005457~ТОЛУ-10 600/5 (0,5s)~I00600/5
1530005458~ТОЛУ-10 75/5 (0,5s)~I00075/5
1530005459~ТОЛУ-10 750/5 (0,5s)~I00750/5
1530005460~ТОЛУ-10 80/5 (0,5s)~I00080/5
1530005461~ТОЛУ-10 800/5 (0,5s)~I00800/5
1530005462~ТОП-0,66 10/5 (0,2)~J00010/5
1530005463~ТОП-0,66 100/5 (0,2)~J00100/5
1530005464~ТОП-0,66 100/5 (0,5)~J00100/5
1530005465~ТОП-0,66 1000/5 (0,2)~J01000/5
1530005466~ТОП-0,66 1000/5 (0,5)~J01000/5
1530005467~ТОП-0,66 1200/5 (0,2)~J01200/5
1530005468~ТОП-0,66 1200/5 (0,5)~J01200/5
1530005469~ТОП-0,66 15/5 (0,2)~J00015/5
1530005470~ТОП-0,66 150/5 (0,2)~J00150/5
1530005471~ТОП-0,66 150/5 (0,5)~J00150/5
1530005472~ТОП-0,66 1500/5 (0,2)~J01500/5
1530005473~ТОП-0,66 1500/5 (0,5)~J01500/5
1530005474~ТОП-0,66 20/5 (0,2)~J00020/5
1530005475~ТОП-0,66 200/5 (0,2)~J00200/5
1530005476~ТОП-0,66 200/5 (0,5)~J00200/5
1530005477~ТОП-0,66 2000/5 (0,2)~J02000/5
1530005478~ТОП-0,66 2000/5 (0,5)~J02000/5
1530005479~ТОП-0,66 30/5 (0,5)~J00030/5
1530005480~ТОП-0,66 300/5 (0,2)~J00300/5
1530005481~ТОП-0,66 300/5 (0,5)~J00300/5
1530005482~ТОП-0,66 40/5 (0,5)~J00040/5
1530005483~ТОП-0,66 400/5 (0,2)~J00400/5
1530005484~ТОП-0,66 400/5 (0,5)~J00400/5
1530005485~ТОП-0,66 5/5 (0,2)~J00005/5
1530005486~ТОП-0,66 50/5 (0,5)~J00050/5
1530005487~ТОП-0,66 500/5 (0,5)~J00500/5
1530005488~ТОП-0,66 600/5 (0,2)~J00600/5
1530005489~ТОП-0,66 600/5 (0,5)~J00600/5
1530005490~ТОП-0,66 70/5 (0,2)~J00070/5
1530005491~ТОП-0,66 70/5 (0,5)~J00070/5
1530005492~ТОП-0,66 750/5 (0,2)~J00750/5
1530005493~ТОП-0,66 750/5 (0,5)~J00750/5
1530005494~ТОП-0,66 80/5 (0,2)~J00080/5
1530005495~ТОП-0,66 80/5 (0,5)~J00080/5
1530005496~ТОП-0,66 800/5 (0,2)~J00800/5
1530005497~ТОП-0,66 800/5 (0,5)~J00800/5
1530005498~ТОПН-066 150/5 (0,5s)~J00150/5
1530005499~ТОПН-066 200/5 (0,5s)~J00200/5
1530005500~ТОПН-066 300/5 (0,5s)~J00300/5
1530005501~ТОПН-066 400/5 (0,5s)~J00400/5
1530005502~ТПЛ-10 10/5 (0,5)~I00010/5
1530005503~ТПЛ-10 100/5 (0,5)~I00100/5
1530005504~ТПЛ-10 1000/5 (0,5)~I01000/5
1530005505~ТПЛ-10 15/5 (0,5)~I00015/5
1530005506~ТПЛ-10 150/5 (0,5)~I00150/5
1530005507~ТПЛ-10 20/5 (0,5)~I00020/5
1530005508~ТПЛ-10 200/5 (0,5)~I00200/5
1530005509~ТПЛ-10 300/5 (0,5)~I00300/5
1530005510~ТПЛ-10 40/5 (0,5)~I00040/5
1530005511~ТПЛ-10 400/5 (0,5)~I00400/5
1530005512~ТПЛ-10 50/5 (0,5)~I00050/5
1530005513~ТПЛ-10 600/5 (0,5)~I00600/5
1530005514~ТПЛ-10 75/5 (0,5)~I00075/5
1530005515~ТПЛ-10 750/5 (0,5)~I00750/5
1530005516~ТПЛ-10 80/5 (0,5)~I00080/5
1530005517~ТПЛ-10 800/5 (0,5)~I00800/5
1530005518~ТПЛ-10-М 10/5 (0,5)~I00010/5
1530005519~ТПЛ-10-М 100/5 (0,5)~I00100/5
1530005520~ТПЛ-10-М 1000/5 (0,5)~I01000/5
1530005521~ТПЛ-10-М 150/5 (0,5)~I00150/5
1530005522~ТПЛ-10-М 20/5 (0,5)~I00020/5
1530005523~ТПЛ-10-М 200/5 (0,5)~I00200/5
1530005524~ТПЛ-10-М 40/5 (0,5)~I00040/5
1530005525~ТПЛ-10-М 400/5 (0,5)~I00400/5
1530005526~ТПЛ-10-М 5/5 (0,5)~I00005/5
1530005527~ТПЛ-10-М 50/5 (0,5)~I00050/5
1530005528~ТПЛ-10-М 600/5 (0,5)~I00600/5
1530005529~ТПЛ-10-М 750/5 (0,5)~I00750/5
1530005530~ТПЛ-10-М 80/5 (0,5)~I00080/5
1530005531~ТПЛ-10-М 800/5 (0,5)~I00800/5
1530004198~ТПЛ-12 100/5 (0,5s)~I00100/5
1530004200~ТПЛ-12 200/5 (0,5s)~I00200/5
1530004195~ТПЛ-12 300/5 (0,5s)~I00300/5
1530004199~ТПЛ-12 50/5 (0,5s)~I00050/5
1530004201~ТПЛ-12 75/5 (0,5s)~I00075/5
1530005532~ТПЛ-20 1000/5 (0,2)~I01000/5
1530005533~ТПЛ-20 1000/5 (0,5)~I01000/5
1530005534~ТПЛ-20 1500/5 (0,2)~I01500/5
1530005535~ТПЛ-20 1500/5 (0,5)~I01500/5
1530005536~ТПЛ-20 300/5 (0,2)~I00300/5
1530005537~ТПЛ-20 300/5 (0,5)~I00300/5
1530005538~ТПЛ-20 400/5 (0,2)~I00400/5
1530005539~ТПЛ-20 400/5 (0,5)~I00400/5
1530005540~ТПЛ-20 600/5 (0,2)~I00600/5
1530005541~ТПЛ-20 600/5 (0,5)~I00600/5
1530005542~ТПЛ-20 800/5 (0,2)~I00800/5
1530005543~ТПЛ-20 800/5 (0,5)~I00800/5
1530005544~ТПЛ-35 1000/5 (0,2)~I01000/5
1530005545~ТПЛ-35 1000/5 (0,5)~I01000/5
1530005546~ТПЛ-35 1500/5 (0,2)~I01500/5
1530005547~ТПЛ-35 1500/5 (0,5)~I01500/5
1530005548~ТПЛ-35 300/5 (0,2)~I00300/5
1530005549~ТПЛ-35 300/5 (0,5)~I00300/5
1530005550~ТПЛ-35 400/5 (0,2)~I00400/5
1530005551~ТПЛ-35 400/5 (0,5)~I00400/5
1530005552~ТПЛ-35 600/5 (0,2)~I00600/5
1530005553~ТПЛ-35 600/5 (0,5)~I00600/5
1530005554~ТПЛ-35 800/5 (0,2)~I00800/5
1530005555~ТПЛ-35 800/5 (0,5)~I00800/5
1530005556~ТПЛК-10 10/5 (0,2)~I00010/5
1530005557~ТПЛК-10 10/5 (0,5)~I00010/5
1530005558~ТПЛК-10 100/5 (0,2)~I00100/5
1530005559~ТПЛК-10 100/5 (0,5)~I00100/5
1530005560~ТПЛК-10 1000/5 (0,2)~I01000/5
1530005561~ТПЛК-10 1000/5 (0,5)~I01000/5
1530005562~ТПЛК-10 15/5 (0,2)~I00015/5
1530005563~ТПЛК-10 15/5 (0,5)~I00015/5
1530005564~ТПЛК-10 150/5 (0,2)~I00150/5
1530005565~ТПЛК-10 150/5 (0,5)~I00150/5
1530005566~ТПЛК-10 1500/5 (0,2)~I01500/5
1530005567~ТПЛК-10 1500/5 (0,5)~I01500/5
1530005568~ТПЛК-10 200/5 (0,2)~I00200/5
1530005569~ТПЛК-10 200/5 (0,5)~I00200/5
1530005570~ТПЛК-10 30/5 (0,2)~I00030/5
1530005571~ТПЛК-10 30/5 (0,5)~I00030/5
1530005572~ТПЛК-10 300/5 (0,2)~I00300/5
1530005573~ТПЛК-10 300/5 (0,5)~I00300/5
1530005574~ТПЛК-10 400/5 (0,2)~I00400/5
1530005575~ТПЛК-10 400/5 (0,5)~I00400/5
1530005576~ТПЛК-10 50/5 (0,2)~I00050/5
1530005577~ТПЛК-10 50/5 (0,5)~I00050/5
1530005578~ТПЛК-10 600/5 (0,2)~I00600/5
1530005579~ТПЛК-10 600/5 (0,5)~I00600/5
1530005580~ТПЛК-10 800/5 (0,2)~I00800/5
1530005581~ТПЛК-10 800/5 (0,5)~I00800/5
1530005582~ТПЛМ-10 10/5 (0,5)~I00010/5
1530005583~ТПЛМ-10 100/5 (0,5)~I00100/5
1530005584~ТПЛМ-10 1000/5 (0,5)~I01000/5
1530005585~ТПЛМ-10 15/5 (0,5)~I00015/5
1530005586~ТПЛМ-10 150/5 (0,5)~I00150/5
1530005587~ТПЛМ-10 20/5 (0,5)~I00020/5
1530005588~ТПЛМ-10 200/5 (0,5)~I00200/5
1530005589~ТПЛМ-10 30/5 (0,5)~I00030/5
1530005590~ТПЛМ-10 300/5 (0,5)~I00300/5
1530005591~ТПЛМ-10 40/5 (0,5)~I00040/5
1530005592~ТПЛМ-10 400/5 (0,5)~I00400/5
1530005593~ТПЛМ-10 5/5 (0,5)~I00005/5
1530005594~ТПЛМ-10 50/5 (0,5)~I00050/5
1530005595~ТПЛМ-10 600/5 (0,5)~I00600/5
1530005596~ТПЛМ-10 75/5 (0,5)~I00075/5
1530005597~ТПЛМ-10 750/5 (0,5)~I00750/5
1530005598~ТПЛМ-10 800/5 (0,5)~I00800/5
1530005599~ТПЛУ-10 10/5 (0,5s)~I00010/5
1530005600~ТПЛУ-10 100/200/5 (0,5S)~I00100/5
1530005601~ТПЛУ-10 100/5 (0,5s)~I00100/5
1530005602~ТПЛУ-10 1000/5 (0,5s)~I01000/5
1530005603~ТПЛУ-10 150/5 (0,5s)~I00150/5
1530005604~ТПЛУ-10 20/5 (0,5s)~I00020/5
1530005605~ТПЛУ-10 200/5 (0,5s)~I00200/5
1530005606~ТПЛУ-10 30/5 (0,5s)~I00030/5
1530005607~ТПЛУ-10 30/75/5 (0,5S)~I00030/5
1530005608~ТПЛУ-10 40/5 (0,5s)~I00040/5
1530005609~ТПЛУ-10 400/5 (0,5s)~I00400/5
1530005610~ТПЛУ-10 5/5 (0,5s)~I00005/5
1530005611~ТПЛУ-10 50/100/5 (0,5S)~I00050/5
1530005612~ТПЛУ-10 50/5 (0,5s)~I00050/5
1530005613~ТПЛУ-10 600/5 (0,5s)~I00600/5
1530005614~ТПЛУ-10 750/5 (0,5s)~I00750/5
1530005615~ТПЛУ-10 80/5 (0,5s)~I00080/5
1530005616~ТПЛУ-10 800/5 (0,5s)~I00800/5
1530005617~ТПОЛ-10 100/5 (0,2)~I00100/5
1530005618~ТПОЛ-10 100/5 (0,5)~I00100/5
1530005619~ТПОЛ-10 1000/5 (0,2)~I01000/5
1530005620~ТПОЛ-10 1000/5 (0,5)~I01000/5
1530005621~ТПОЛ-10 150/5 (0,2)~I00150/5
1530005622~ТПОЛ-10 150/5 (0,5)~I00150/5
1530005623~ТПОЛ-10 1500/5 (0,2)~I01500/5
1530005624~ТПОЛ-10 1500/5 (0,5)~I01500/5
1530005625~ТПОЛ-10 20/5 (0,2)~I00020/5
1530005626~ТПОЛ-10 20/5 (0,5)~I00020/5
1530005627~ТПОЛ-10 200/5 (0,2)~I00200/5
1530005628~ТПОЛ-10 200/5 (0,5)~I00200/5
1530005629~ТПОЛ-10 2000/5 (0,2)~I02000/5
1530005630~ТПОЛ-10 2000/5 (0,5)~I02000/5
1530005631~ТПОЛ-10 30/5 (0,2)~I00030/5
1530005632~ТПОЛ-10 30/5 (0,5)~I00030/5
1530005633~ТПОЛ-10 300/5 (0,2)~I00300/5
1530005634~ТПОЛ-10 300/5 (0,5)~I00300/5
1530005635~ТПОЛ-10 40/5 (0,2)~I00040/5
1530005636~ТПОЛ-10 40/5 (0,5)~I00040/5
1530005637~ТПОЛ-10 400/5 (0,2)~I00400/5
1530005638~ТПОЛ-10 400/5 (0,5)~I00400/5
1530005639~ТПОЛ-10 50/5 (0,2)~I00050/5
1530005640~ТПОЛ-10 50/5 (0,5)~I00050/5
1530005641~ТПОЛ-10 600/5 (0,2)~I00600/5
1530005642~ТПОЛ-10 600/5 (0,5)~I00600/5
1530005643~ТПОЛ-10 75/5 (0,2)~I00075/5
1530005644~ТПОЛ-10 75/5 (0,5)~I00075/5
1530005645~ТПОЛ-10 80/5 (0,2)~I00080/5
1530005646~ТПОЛ-10 80/5 (0,5)~I00080/5
1530005647~ТПОЛ-10 800/5 (0,2)~I00800/5
1530005648~ТПОЛ-10 800/5 (0,5)~I00800/5
1530006014~ТФЗМ-110 750-1500/5(0,5)~I00750/5
1530006036~ТФЗМ-110Б 1500/5 (0,5)~I01500/5
1530006016~ТФЗМ-110Б 300/5(0,5)~I00300/5
1530006034~ТФЗМ-110Б 400-800/5 (0,5)~I00400/5
1530006033~ТФЗМ-110Б 600/5 (0,5)~I00600/5
1530006035~ТФЗМ-110Б 75-150/5 (0,5)~I00075/5
1530006059~ТФЗМ-35 100/5(0,5)~I00100/5
1530006013~ТФЗМ-35 150/5(0,5)~I00150/5
1530006001~ТФЗМ-35А-У1 100/5(0,5)~I00100/5
1530006015~ТФЗМ-35А-У1 50/5(0,5)~I00050/5
1530006037~ТФЗМ-35Б 1000/5 (0,5)~I01000/5
1530006038~ТФЗМ-35Б 600/5 (0,5)~I00600/5
1530006017~ТФН-35 300/5(0,5)~I00300/5
1530005649~ТФНД-110М 100/5 (0,5)~I00100/5
1530005650~ТФНД-110М 150/5 (0,5)~I00150/5
1530005651~ТФНД-110М 200/5 (0,5)~I00200/5
1530005652~ТФНД-110М 300/5 (0,5)~I00300/5
1530005653~ТФНД-110М 400/5 (0,5)~I00400/5
1530005654~ТФНД-110М 50/5 (0,5)~I00050/5
1530005655~ТФНД-110М 500/5 (0,5)~I00500/5
1530005656~ТФНД-110М 600/5 (0,5)~I00600/5
1530005657~ТФНД-110М 75/5 (0,5)~I00075/5
1530005658~ТФНД-110М 750/5 (0,5)~I00750/5
1530005659~ТФНД-110М 800/5 (0,5)~I00800/5
1530005129~ТФНД-110М-ХЛ 100/5 (0,5)~I00100/5
1530005130~ТФНД-110М-ХЛ 150/5 (0,5)~I00150/5
1530005131~ТФНД-110М-ХЛ 200/5 (0,5)~I00200/5
1530005132~ТФНД-110М-ХЛ 300/5 (0,5)~I00300/5
1530005133~ТФНД-110М-ХЛ 400/5 (0,5)~I00400/5
1530005660~ТФНД-110М-ХЛ 50/5 (0,5)~I00050/5
1530005134~ТФНД-110М-ХЛ 500/5 (0,5)~I00500/5
1530005135~ТФНД-110М-ХЛ 600/5 (0,5)~I00600/5
1530005661~ТФНД-110М-ХЛ 75/5 (0,5)~I00075/5
1530005136~ТФНД-110М-ХЛ 750/5 (0,5)~I00750/5
1530005137~ТФНД-110М-ХЛ 800/5 (0,5)~I00800/5
1530005662~ТШ-0,66 10/5 (0,5)~J00010/5
1530005663~ТШ-0,66 100/5 (0,5)~J00100/5
1530005664~ТШ-0,66 1000/5 (0,5)~J01000/5
1530005665~ТШ-0,66 1200/5 (0,5)~J01200/5
1530005666~ТШ-0,66 15/5 (0,5)~J00015/5
1530005667~ТШ-0,66 150/5 (0,5)~J00150/5
1530005668~ТШ-0,66 1500/5 (0,5)~J01500/5
1530005669~ТШ-0,66 20/5 (0,5)~J00020/5
1530005670~ТШ-0,66 200/5 (0,5)~J00200/5
1530005671~ТШ-0,66 2000/5 (0,5)~J02000/5
1530005672~ТШ-0,66 30/5 (0,5)~J00030/5
1530005673~ТШ-0,66 300/5 (0,5)~J00300/5
1530005674~ТШ-0,66 3000/5 (0,5)~J03000/5
1530005675~ТШ-0,66 40/5 (0,5)~J00040/5
1530005676~ТШ-0,66 400/5 (0,5)~J00400/5
1530005677~ТШ-0,66 5/5 (0,5)~J00005/5
1530005678~ТШ-0,66 50/5 (0,5)~J00050/5
1530005679~ТШ-0,66 500/5 (0,5)~J00500/5
1530005680~ТШ-0,66 5000/5 (0,5)~J05000/5
1530005681~ТШ-0,66 60/5 (0,5)~J00060/5
1530005682~ТШ-0,66 600/5 (0,5)~J00600/5
1530005683~ТШ-0,66 75/5 (0,5)~J00075/5
1530005684~ТШ-0,66 750/5 (0,5)~J00750/5
1530005685~ТШ-0,66 800/5 (0,5)~J00800/5
1530005686~ТШ-0,66-1 1000/5 (0,5s)~J01000/5
1530006047~ТШ-0,66-1 600/5 (0,5s)~J00600/5
~ТШ-0,66-1 800/5 (0,5s)~J00800/5
1530005687~ТШ-0,66-2 1500/5 (0,5s)~J01500/5
1530005688~ТШЛ-0,66 2000/5 (0,5)~J02000/5
1530005689~ТШЛ-0,66 3000/5 (0,5)~J03000/5
1530005690~ТШЛ-0,66 4000/5 (0,5)~J04000/5
1530005691~ТШЛ-0,66 5000/5 (0,5)~J05000/5
1530005692~ТШЛ-10 1000/5 (0,2)~I01000/5
1530005693~ТШЛ-10 1000/5 (0,5)~I01000/5
1530005694~ТШЛ-10 2000/5 (0,2)~I02000/5
1530005695~ТШЛ-10 2000/5 (0,5)~I02000/5
1530005696~ТШЛ-10 3000/5 (0,2)~I03000/5
1530005697~ТШЛ-10 3000/5 (0,5)~I03000/5
1530005698~ТШЛ-10 4000/5 (0,2)~I04000/5
1530005699~ТШЛ-10 4000/5 (0,5)~I04000/5
1530005700~ТШЛ-10 5000/5 (0,2)~I05000/5
1530005701~ТШЛ-10 5000/5 (0,5)~I05000/5
1530005702~ТШЛ-20-I 10000/5 (0,2)~I01000/5
1530005703~ТШЛ-20-I 12000/5 (0,2)~I02000/5
1530005704~ТШЛ-20-I 6000/5 (0,2)~I06000/5
1530005705~ТШЛ-20-I 6000/5 (0,5)~I06000/5
1530005706~ТШЛ-20-I 8000/5 (0,2)~I08000/5
1530005707~ТШЛ-20-I 8000/5 (0,5)~I08000/5
1530005708~ТШЛК-10 2000/5 (0,2)~I02000/5
1530005709~ТШЛК-10 2000/5 (0,5)~I02000/5
1530005710~ТШЛК-10 3000/5 (0,2)~I03000/5
1530005711~ТШЛК-10 3000/5 (0,5)~I03000/5
1530005712~ТШЛК-10 4000/5 (0,2)~I04000/5
1530005713~ТШЛК-10 4000/5 (0,5)~I04000/5
1530005714~ТШЛК-10 5000/5 (0,2)~I05000/5
1530005715~ТШЛК-10 5000/5 (0,5)~I05000/5
1530005716~ТШЛП-10 1000/5 (0,2)~I01000/5
1530005717~ТШЛП-10 1000/5 (0,5)~I01000/5
1530005718~ТШЛП-10 2000/5 (0,2)~I02000/5
1530005719~ТШЛП-10 2000/5 (0,5)~I02000/5
1530005720~ТШЛПК-10 1000/5 (0,2)~I01000/5
1530005721~ТШЛПК-10 1000/5 (0,5)~I01000/5
1530005722~ТШЛПК-10 2000/5 (0,2)~I02000/5
1530005723~ТШЛПК-10 2000/5 (0,5)~I02000/5
1530005724~ТШП-0,66 10/5 (0,2)~J00010/5
1530005725~ТШП-0,66 100/5 (0,2)~J00100/5
1530005726~ТШП-0,66 100/5 (0,5)~J00100/5
1530005727~ТШП-0,66 1000/5 (0,2)~J01000/5
1530005728~ТШП-0,66 1000/5 (0,5)~J01000/5
1530005729~ТШП-0,66 1200/5 (0,2)~J01200/5
1530005730~ТШП-0,66 1200/5 (0,5)~J01200/5
1530005731~ТШП-0,66 15/5 (0,2)~J00015/5
1530005732~ТШП-0,66 150/5 (0,2)~J00150/5
1530005733~ТШП-0,66 150/5 (0,5)~J00150/5
1530005734~ТШП-0,66 1500/5 (0,2)~J01500/5
1530005735~ТШП-0,66 1500/5 (0,5)~J01500/5
1530005736~ТШП-0,66 20/5 (0,2)~J00020/5
1530005737~ТШП-0,66 200/5 (0,2)~J00200/5
1530005738~ТШП-0,66 200/5 (0,5)~J00200/5
1530005739~ТШП-0,66 2000/5 (0,2)~J02000/5
1530005740~ТШП-0,66 2000/5 (0,5)~J02000/5
1530005741~ТШП-0,66 30/5 (0,5)~J00030/5
1530005742~ТШП-0,66 300/5 (0,2)~J00300/5
1530005743~ТШП-0,66 300/5 (0,5)~J00300/5
1530005744~ТШП-0,66 40/5 (0,5)~J00040/5
1530005745~ТШП-0,66 400/5 (0,2)~J00400/5
1530005746~ТШП-0,66 400/5 (0,5)~J00400/5
1530005747~ТШП-0,66 5/5 (0,2)~J00005/5
1530005748~ТШП-0,66 50/5 (0,5)~J00050/5
1530005749~ТШП-0,66 500/5 (0,5)~J00500/5
1530005750~ТШП-0,66 600/5 (0,2)~J00600/5
1530005751~ТШП-0,66 600/5 (0,5)~J00600/5
1530005752~ТШП-0,66 70/5 (0,2)~J00070/5
1530005753~ТШП-0,66 70/5 (0,5)~J00070/5
1530005754~ТШП-0,66 750/5 (0,2)~J00750/5
1530005755~ТШП-0,66 750/5 (0,5)~J00750/5
1530005756~ТШП-0,66 80/5 (0,2)~J00080/5
1530005757~ТШП-0,66 80/5 (0,5)~J00080/5
1530005758~ТШП-0,66 800/5 (0,2)~J00800/5
1530005759~ТШП-0,66 800/5 (0,5)~J00800/5
1530006060~ТПЛ-35 200/5 (0,2)~I00200/5
1530006061~ТВЭ-35 150/5 (0,5)~I00150/5
1530006062~ТПЛУ-10 500/5 (0,5s)~I00500/5
1530006083~ТФЗМ-35А-У1 300/5(0,5)~I00300/5
1530006085~ТЛМ-10 75/5(0,5)~I00075/5
1530006082~ТОЛ-Э-12 300/5 (0,5)~I00300/5
1530006086~IOSK 123 600/5 (0,5)~I00600/5
1530005970~ТВК-10 50/5 (0,5)~I00050/5
1530005952~ТЛМ-10 600/5(0,5)~I00600/5
1530006088~ТПФМ-10 150/5(0,5)~I00150/5
1530006073~GI-36 (ТОЛ/У3) 30/5(0,5)~I00030/5
1530006074~ТПФМ-10 75/5(0,5)~I00075/5
1530006075~ТИИ-0,66 600/5(0,5)~J00600/5
1530006076~ТПФМ-10 100/5(0,5)~I00100/5
1530006077~ТФЗМ-110 Б 600/5(0,5)~I00600/5
1530006078~ТПЛУ-10 300/5(0,5)~I00300/5
1530006080~ТФЗМ-110 Б 100/5(0,5)~I00100/5
1530006081~ТПЛ-Э-12 400/5(0,5)~I00400/5
1530006067~ТОЛУ-10 50/25/5(0,5)~I00050/5
1530006090~CTS38 50/5(0,5S)~I00050/5
1530006012~ТФЗМ-110Б 300-600/5(0,5)~I00300/5
1530006008~ТФН-35МУ1 100/5(0,5)~I00100/5
1530005999~ТФН-35М 150/5(0,5)~I00150/5
1530005948~ТЛМ-10 200/5(0,5)~I00200/5
1530005965~ТВК-10 100/5(0,5)~I00100/5
1530006005~ТФН-35М 200/5(0,5)~I00200/5
1530006000~ТФН-35 100/5(0,5)~I00100/5
1530005998~ТФН-35 150/5(0,5)~I00150/5
1530006004~ТФЗМ-35А-У1 150/5(0,5)~I00150/5
1530005951~ТЛМ-10 50/5(0,5)~I00050/5
1530006006~ТФН-35М 75/5(0,5)~I00075/5
1530006003~ТФЗМ-35А-У1 200/5(0,5)~I00200/5
1530006002~ТФН-35 200/5(0,5)~I00200/5
1530005967~ТВК-10 200/5(0,5)~I00200/5
1530006007~ТФЗМ-35Б 100/5(0,5)~I00100/5
1530005962~ТПЛУ-10 75/5(0,5S)~I00075/5
1530006102~ТФЗМ-35 30/5(0,5)~I00030/5
1530006107~ARTECH CA-145 600/5 (0,5)~I00600/5
1530006108~ТВК-10 1000/5 (0,5)~I01000/5
1530006109~ТВЛ-10 400/5 (0,5)~I00400/5
1530006110~ТКЕА-12 1500/5 (0,5)~I01500/5
1530006111~ТКЕА-12 2000/5 (0,5)~I02000/5
1530006112~ТЛК-10 300/5 (0,5)~I00300/5
1530006113~ТЛК-10 400/5 (0,5)~I00400/5
1530006114~ТЛК-10 600/5 (0,5)~I00600/5
1530006115~ТЛМ-10 800/5 (0,5)~I00800/5
1530006116~ТОЛ-10 2000/5 (0,5)~I02000/5
1530006117~ТОЛА-10 1000/5 (0,5)~I01000/5
1530006118~ТОЛ-Э-12 1000/5 (0,5)~I01000/5
1530006119~ТОМ-123 600/5 (0,5)~I00600/5
1530006120~ТПШЛ-10 2000/5 (0,5)~I02000/5
1530006121~ТПШЛ-10 3000/5 (0,5)~I03000/5
1530006122~ТФЗМ-110 150/5 (0,5)~I00150/5
1530006123~ТФЗМ-35 200/5 (0,5)~I00200/5
1530006124~ТФЗМ-35 300/5 (0,5)~I00300/5
1530006125~ТФЗМ-35 1000/5 (0,5)~I01000/5
1530006164~ТШ-0,66 2500/5 (0,5)~J02500/5
1530006167~ТФН-35М 100/5 (0,5s)~I00100/5
1530006385~Т-0,66-1-УЗ 500/5 (0,5s)~J00500/5
1530006384~ТАТ081 1500/5 (0,5s)~J01500/5
1530006382~ТЛМ-10 1500/5(0,5)~I01500/5
1530006390~Т-0,66 УЗ 400/5 (0,5s)~J00400/5
1530006391~ТК-20 100/5~J00100/5
1530006392~АС 40 600/5~J00600/5
1530006393~MG 16533 TI 1000/5 (0,5)~J01000/5
1530006394~MG 16543 TI 2500/5 (0,5)~J02500/5
1530006395~MG 16532 TI 800/5 (0,5)~J00800/5
~Т-0,66 А 200/5 (0,5s)~J00200/5
~~
1530006400~Т-0,66-1-УЗ 600/5 (0,5)~J00600/5
1530006401~Т-0,66 УЗ 600/5 (0,5)~J00600/5
1530006402~Т-0,66 УЗ 300/5 (0,5)~J00300/5
1530006403~Т-0,66 УЗ 150/5 (0,5)~J00150/5
1530006404~Т-0,66 УЗ 200/5 (0,5)~J00200/5
1530006405~Т-0,66 М УЗ 300/5 (0,5s)~J00300/5
1530006406~ТА-Т-081-1К5-У-0,5 1500/5 (0,5~J01500/5
1530006410~ТПЛ-10 250/5 (0,5)~I00250/5
1530006411~ТПЛ-35 100/5 (0,5)~I00100/5
1530006412~CTS-38 75/5 (0,5S)~I00075/5
1530006423~AVG 123 300/1 (0,2S)~I00300/1
1530006446~ТПЛ-10 30/5 (0,5)~I00030/5
1530006447~ТШ-0,66-1-УЗ 1200/5 (0,5s)~J01200/5
1530006434~ТФЗМ-110Б 200/5(0,5)~I00200/5
1530006435~ТФН-35М 50/5(0,5)~I00050/5
1530006436~ТВК-10 40/5(0,5)~I00040/5
1530006626~ТПЛ-10 75/5 (0,5s)~I00075/5
1530005949~ТЛМ-10 300/5 (0,5)~I00300/5
1530005950~ТЛМ-10 400/5 (0,5)~I00400/5
1530005968~ТВК-10 300/5 (0,5)~I00300/5
1530005969~ТВК-10 400/5 (0,5)~I00400/5
1530005971~ТВЛМ-10 1500/5~I01500/5
~ТПЛ-УЕ-12 75/5 (0.5S)~I00075/5
1530005946~ТЛМ-10 1000/5(0,5)~I01000/5
1530006650~ТФЗМ-35 400/5(0,5)~I00400/5
1530006648~ТВК-10 75/5(0,5)~I00075/5
1530006649~ТВК-10 600/5(0,5)~I00600/5
1530006661~ТПФМ-10 200/5(0,5)~I00200/5
1530006662~ТПФМ-10 600/5(0,5)~I00600/5
1530006696~ТФНД-35 100/5 (0,5)~I00100/5
1530006697~ТПЛУ-10 25/50/5 (0,5S)~I00025/5
1530006735~Т-0,66 А 400/5 (0,5s) 16р~J00400/5
1530006736~Т-0,66 УЗ 400/5 (0,5s)~J00400/5
~ТПЛ-10 100/5 (0,5S)~I00100/5
1530006743~ТВЛ-10 50/5 (0,5)~I00050/5
1530006744~ТВЛ-10 100/5 (0,5)~I00100/5
1530006745~ТВЛ-10 150/5 (0,5)~I00150/5
1530006746~ТВЛ-10 300/5 (0,5)~I00300/5
1530006747~GIF-36 150/5 (0,5)~I00150/5
1530006748~GIF-36 150/5 (0,2)~I00150/5
~Т-0,66 А 300/5 (0,5S) (16 років )~J00300/5
1530006768~TAT127 2K5J05 2500/5 (0,5s)~J02500/5
1530006775~TORN-0,66-0,5S-200/5 УЗ~J00200/5
1530007073~Т-0,66-1-УЗ 500/5 (0,5)~J00500/5
1530007254~GI 36 200/5 (0,5s)~I00200/5
1530007242~ТК-20 1200/5 (0,5)~J01200/5
1530007243~ТК-20 1500/5 (0,5)~J01500/5
1530007244~ТПОЛА-10 1000/5 (0.5)~I01000/5
1530007245~ТПОЛА-10 600/5 (0.5)~I00600/5
1530007246~ТШ-0,66 600/5 (0,5S)~J00600/5
1530007247~ТШ-0,66 250/5 (0,5S)~J00250/5
1530007248~ТШ-0,66 400/5 (0,5S)~J00400/5
1530007249~ТШ-0,66 200/5 (0,5S)~J00200/5
1530007250~ТШ-0,66 300/5 (0,5S)~J00300/5
1530007251~ТШЛП-10К 2000/5 (0.5)~I02000/5
1530007258~Т-0,66 А 150/5 (0,5S)~J00150/5
~Т-0,66 УЗ 100/5 (0,5)~J00100/5
1530007268~TORN-0,66-0,5S-300/5 УЗ~J00300/5
~ТОЛУ-10 У2.1 100/5 (0,5)~J00100/5
1530007315~ТШ-0,66 УЗ 300/5 (0,5s)~J00300/5
1530007332~T-0,66А УЗ 200/5(0,5S)~J00200/5
~TAS127B 2000/5 (0,5S)~J02000/5
1530007430~ТОЛА-10 750/5 (0,5s)~I00750/5
1530007458~TOPN-0,66-0,5S-150/5 УЗ~I00150/5
1530007462~GIF-36 50/5 (0,5S)~I00050/5
1530007463~GIF-36 100/5 (0,5S)~I00100/5
1530007464~GIF-36 200/5 (0,5S)~I00200/5
1530007465~GIF-36 300/5 (0,5S)~I00300/5
1530007466~ТПЛУ-10 200/400/5 (0,5S)~I00200/5
1530007480~TOPN-0,66-0,5S-400/5 УЗ~J00400/5
1530007477~T-0,66А УЗ 300/5(0,5S)~J00300/5
1530007475~ТШЛ-0,66 У2 4000/5 (0,5S)~J04000/5
1530007476~ТШЛ-0,66 У2 5000/5 (0,5S)~J05000/5
1530007561~TOPN-0,66-0,5S-200/5 УЗ~J00200/5
1530007685~Т-0,66А У3 600/5 (0,5S)~J00600/5
1530007683~GIF 36 (ТОЛ)~J00150/5
~GIF-36 75/5 (0,5S)~I00075/5
