1013904;62Z7997151681803
1013908;62Z1145626145573
1013919;62Z0087704688705
1013915;62Z8417287000172
1013833;62Z7667785334530
1013888;62Z7923881330660
1013883;62Z2355818510893
1013814;62Z4969341587062
1013837;62Z0491082672387
1027766;62Z8157057096190
109113;62Z2818464481463
107350;62Z5324765543036
106921;62Z0315421863721
106926;62Z3757051182729
107768;62Z5911284308821
108971;62Z6397017492100
107839;62Z8848731361169
107747;62Z0910661358972
108939;62Z1465672056752
106177;62Z9273496597555
106181;62Z9218074544595
232383;62Z1146595822585
107737;62Z2268016796470
107742;62Z3742102327972
107733;62Z7559817033947
107351;62Z7540125734600
106930;62Z0029814865723
108049;62Z1629274208961
108059;62Z8006859407570
106183;62Z0075807608393
109097;62Z3233991035534
109019;62Z2953792016419
109032;62Z5528072892248
107416;62Z1471928396921
107760;62Z3938207205290
108961;62Z5048452632032
108042;62Z7015017170612
109090;62Z7575675980305
109079;62Z2271212274379
109049;62Z2869446646535
107420;62Z1632835782533
106175;62Z4713076081714
107346;62Z0804066117973
109033;62Z2648436426927
109010;62Z3544331459602
109051;62Z6868550805247
109023;62Z1689800597342
109042;62Z0773757916807
108003;62Z7956681834126
108008;62Z5687277063737
108380;62Z5613472353957
931303;62Z5371945622377
106940;62Z6926183143521
111689;62Z2671639220487
111673;62Z4409724901642
111678;62Z6698952951514
111683;62Z1337498160653
108029;62Z2088970250314
107783;62Z0337302600407
107788;62Z5560442600675
107778;62Z2857416082774
113330;62Z2312370566311
109085;62Z2392107348675
107813;62Z5722363165783
107887;62Z4735677573960
114032;62Z1749531552053
114038;62Z7472778059248
108947;62Z0257966570827
108956;62Z7349509449885
108940;62Z2745025040842
114619;62Z7495587212265
114625;62Z8959156116213
107833;62Z6648625755901
107804;62Z7329926127738
109059;62Z3031524027179
109065;62Z9454611914072
108986;62Z1616319552384
228766;62Z8194392453197
107719;62Z8657503239455
107774;62Z4079058814666
109109;62Z4988934201073
109102;62Z3654605003010
107809;62Z8178276642004
107753;62Z8193303665962
107725;62Z8799193543641
107728;62Z1324355235141
109497;62Z6148658730909
109119;62Z5469559388363
114954;62Z9008934800882
110181;62Z9600689505683
108881;62Z0648102409458
110680;62Z3005940915731
109650;62Z5086921276573
113088;62Z1006482792390
113094;62Z9255135842571
110957;62Z1135688604125
108336;62Z0935757970712
109796;62Z4172254124814
110729;62Z8138931718594
109656;62Z2334184092084
107714;62Z3630656880306
111225;62Z2472276697800
111081;62Z9048592606623
107794;62Z3528502849075
110947;62Z6888106461786
943797;62Z3899078293195
107765;62Z7392518997897
110996;62Z3247148128185
110735;62Z7103450159760
109187;62Z5252089007285
109721;62Z0540796028354
111405;62Z4040252788560
108098;62Z5293059791121
106906;62Z9906342096830
107861;62Z9765591825060
114360;62Z4176783669111
110661;62Z9273965383052
111712;62Z1327338268347
113191;62Z7955251493120
110198;62Z7026449154646
109666;62Z3534876148610
110643;62Z8338139337984
109520;62Z0446673989112
110990;62Z7068853697500
110193;62Z4051854487915
110602;62Z7511165292340
110917;62Z5630433881003
107826;62Z1013264723419
107877;62Z5046760649888
111472;62Z6655881872005
111466;62Z2657698379934
111461;62Z9796317639586
111456;62Z3901695675310
108175;62Z5612144752753
108170;62Z0346521181305
108165;62Z3606051352100
108181;62Z3766776016252
109912;62Z8244564830517
110306;62Z7416265448744
110301;62Z3130962543440
107871;62Z9313649530905
110187;62Z7706805639901
109508;62Z7453987877839
108726;62Z5350299944336
110718;62Z2010803799520
110816;62Z1253712781420
109790;62Z0642261273954
110979;62Z8112753288456
109778;62Z9294917340676
110631;62Z5292604425693
109133;62Z1020966885387
113106;62Z7011088518879
110175;62Z9321891093188
108093;62Z8188597664593
110222;62Z4395316113009
110216;62Z5876621646790
110887;62Z3484271768424
109005;62Z6342285343870
108073;62Z0684511155479
111231;62Z3908395328747
110673;62Z2197744045987
108826;62Z2476964306131
108714;62Z5885671829417
109345;62Z8280231827484
113124;62Z4207370068163
113162;62Z3010936750877
113142;62Z7652991478882
113112;62Z6235067489765
113136;62Z7364142866377
113147;62Z3011997327545
113159;62Z2844666403818
113130;62Z2175820104672
113152;62Z5902515352240
113118;62Z2258295478180
110985;62Z8626544149646
110905;62Z7359891686958
110851;62Z2114532401762
110974;62Z6436603377877
110760;62Z1836448794618
113069;62Z9232100455845
110753;62Z6751235874235
114319;62Z3334238590607
109486;62Z9780922574142
109491;62Z8001194472059
109638;62Z7195500310527
110968;62Z0968273262336
110834;62Z6441121895522
110747;62Z6719457591358
113202;62Z8505642719516
110881;62Z6438862533471
114331;62Z8964409578073
108204;62Z0641421317852
113325;62Z5432706261740
113319;62Z7955647464701
107903;62Z4145731589712
110778;62Z3588888203888
108695;62Z3148583631702
107817;62Z6579391064756
113062;62Z1523469225832
113196;62Z9188515767114
111065;62Z3638566574332
110019;62Z1953340604562
110796;62Z6924398184481
109126;62Z5626127689241
113283;62Z8261418747810
110822;62Z1730932409675
110807;62Z1036515192245
110815;62Z3280500169776
108652;62Z7464768747538
110875;62Z0294640678645
110857;62Z1227354373610
110863;62Z8215686912857
113100;62Z8659946193481
951626;62Z0276328283183
110389;62Z7807245277003
110512;62Z8085795648653
110723;62Z0285579246668
110118;62Z8242808326124
110123;62Z8216423547566
108087;62Z0025923652126
109863;62Z9048876171595
109869;62Z6198793806397
108015;62Z8764976971766
108020;62Z5405045911412
113296;62Z4686737658377
113302;62Z4862970449022
113290;62Z7225827886077
109480;62Z4075024558496
109975;62Z0860201618214
110353;62Z0829581350218
109073;62Z5684368336687
108080;62Z2545804876566
108258;62Z4595855029775
108253;62Z9482460708357
110204;62Z1170568517751
108534;62Z3824669117601
108543;62Z5523307876427
110615;62Z4169008734567
110625;62Z3901645178921
108780;62Z9937739738846
114921;62Z6528059384100
110649;62Z9387708512433
110655;62Z0172858378158
111320;62Z9974919729079
111326;62Z1835887775270
111315;62Z6149156221793
109746;62Z9171199923417
114656;62Z0253204050139
108878;62Z6420626843794
108902;62Z3336760412474
108889;62Z4667953386968
108894;62Z4503209510143
108551;62Z8369474128555
110167;62Z8098389690142
110162;62Z4532193301246
110151;62Z8520011127374
110377;62Z1646287039141
113241;62Z5609513749158
113232;62Z8073473373742
113236;62Z5979822350975
107908;62Z5411419508859
111166;62Z5055931106664
111185;62Z5392018047240
111197;62Z8942766296506
111191;62Z4039685177346
111203;62Z7902294346360
113995;62Z3616859050692
113984;62Z5829139939254
113990;62Z1014811914033
114002;62Z0904054752422
228704;62Z5273290539412
113977;62Z4647243333740
113960;62Z9115468985207
113971;62Z5368209774593
113965;62Z6641400886564
113167;62Z3915077881063
113178;62Z1769166102219
113183;62Z8649707154720
113172;62Z6671510687608
110899;62Z3323645419493
108463;62Z7118470108523
108458;62Z1238389090842
108453;62Z8958711338004
109628;62Z5244470694425
109633;62Z8248680823162
109446;62Z8011306788579
111070;62Z7856608528212
111075;62Z4640657893776
114928;62Z7164841125706
109919;62Z6979549701287
109892;62Z3872823772580
109888;62Z3061676964145
108629;62Z6113290506761
109695;62Z2089213924241
109685;62Z1178209588090
114666;62Z4930331331336
109377;62Z6212280444486
111539;62Z8471678288013
111528;62Z2030481736437
111533;62Z5131803116169
109898;62Z4338972563485
110228;62Z2200778860689
228770;62Z7823246437248
110383;62Z6928103270309
111360;62Z2876690283105
111365;62Z8767178522765
111370;62Z9031521838516
114947;62Z5747765902524
1012979;62Z1914228702575
1012991;62Z5275422439373
1012967;62Z9798468615614
1012962;62Z2633105496985
1012985;62Z8060398193484
108222;62Z2391225139986
1012973;62Z9702700652652
108217;62Z3450179050224
108229;62Z8256221677683
113567;62Z2004803759123
108124;62Z5660672741455
114886;62Z4265580372522
114518;62Z0158613049508
114532;62Z8635998280124
114537;62Z6441472598358
114525;62Z1070806773242
114527;62Z3891116785225
114859;62Z7315513071869
114854;62Z0963843933131
114422;62Z1566156142434
114410;62Z3539582738346
114425;62Z9450484808635
114811;62Z6925896829628
114441;62Z4654490923999
228711;62Z2603034736221
114446;62Z6808871346786
114456;62Z5887177347743
114466;62Z2787272133378
114470;62Z9861756819040
114481;62Z4010076061759
114493;62Z6290250887958
114488;62Z5201770536426
114479;62Z1451230406067
114498;62Z1913489279028
114506;62Z5764968059490
114378;62Z5310800387871
114399;62Z0568246514486
114839;62Z6531484540363
114830;62Z9961808570667
114835;62Z0718785325487
114844;62Z5333429591372
114808;62Z5874570103540
114802;62Z6496634624865
114433;62Z3293648297951
114583;62Z0792319739098
114589;62Z2737759980182
114601;62Z1919355280015
114594;62Z0135361786551
114607;62Z1175979884846
114505;62Z0393523637173
114513;62Z8822539964068
114825;62Z5345992774936
114553;62Z5417190624211
114784;62Z8462468379528
114789;62Z5322251294707
114793;62Z3172889354151
114798;62Z9742593035350
114821;62Z1471951269457
114816;62Z1052228274475
114548;62Z0468777872101
114560;62Z5923370952178
114566;62Z9843228275045
114571;62Z0965273168485
114578;62Z3479227357133
114895;62Z8446055070227
114779;62Z4799513358068
114849;62Z1440958087469
113868;62Z5678477221582
113795;62Z1489432157108
113836;62Z3490402666084
113854;62Z1943399649796
113858;62Z9968577671017
113893;62Z6893179914275
113898;62Z9387437377377
113904;62Z2353189288153
113917;62Z0085698152533
113910;62Z3539115615124
113927;62Z5476088553157
113872;62Z9034350706168
113877;62Z3981009003446
113949;62Z8798143994703
113828;62Z8038280961493
113824;62Z8907474387200
113889;62Z5202441552712
113883;62Z9662547347188
113784;62Z9265547403757
113790;62Z8419884734954
113812;62Z5131550329848
113861;62Z1958923745919
113940;62Z3940968063855
113865;62Z5230732405599
113934;62Z2519714270037
113805;62Z9068221473040
113820;62Z4211147284073
113815;62Z9625973702364
113832;62Z9169396664273
113851;62Z8140564512434
113847;62Z8955373298352
111549;62Z4702294209711
108916;62Z8016967552020
108572;62Z1231203014603
108635;62Z7298758994667
108598;62Z4130828558325
108110;62Z8700317389154
109383;62Z4189194266759
108199;62Z9029503151501
109395;62Z9145206365808
108592;62Z1638128388208
108693;62Z5314235923792
108191;62Z9225573104535
109512;62Z8489942754707
108604;62Z0386857233941
931295;62Z4349842927348
108617;62Z2249678007696
110827;62Z3905749964928
109227;62Z9323483446535
108105;62Z0967127159495
110911;62Z5648673669489
108117;62Z1197147932280
109193;62Z2902800375131
108623;62Z6885473074333
113208;62Z0111397303177
109182;62Z2043350781148
108658;62Z3515067905217
113314;62Z9426856050394
109503;62Z7248779722304
108131;62Z9033187912899
110893;62Z9771011812318
108820;62Z5323441688050
110802;62Z3872828793415
111294;62Z8407265939813
108610;62Z9966082480951
110686;62Z3532627881327
110289;62Z9710507673661
110869;62Z1111544415479
111578;62Z5366814528979
111376;62Z9069959215586
108585;62Z2843392538486
108579;62Z3691468471680
109205;62Z1155904263412
109995;62Z2088278494993
108138;62Z4420762797530
110926;62Z7406906358427
114879;62Z1385241992581
108791;62Z2227070551997
113336;62Z8843943616069
109373;62Z2532053994750
115005;62Z7177567384375
115011;62Z2995838310739
109875;62Z0876398016872
115000;62Z2611048347828
110548;62Z0244027293563
110555;62Z6325028873539
109934;62Z3283746479973
109925;62Z0077875952419
110963;62Z5090064061746
107928;62Z1196136748911
111283;62Z2892460474254
109210;62Z9401878088608
113266;62Z5214184311020
106950;62Z3664777764247
106955;62Z2674164321321
106945;62Z0684268435944
106960;62Z7693564245570
106965;62Z0103721490846
106970;62Z7664106018438
106975;62Z6205257670412
106980;62Z6730704730953
106985;62Z1589177707337
106990;62Z6437925550598
106995;62Z6947299319512
108291;62Z0071752588929
108278;62Z7760247354425
110241;62Z4482857534552
110253;62Z1641032470658
1013874;62Z8760127282484
109673;62Z3031270743013
732700;62Z3847870461191
111694;62Z8153206790835
111700;62Z2364066674846
109644;62Z5250584543937
109708;62Z2008081182768
109719;62Z7903272610283
109692;62Z2900187978200
109702;62Z7416598549275
107802;62Z4119220601566
108068;62Z4168966970096
109616;62Z1121036317703
109622;62Z4548206319529
110210;62Z9834086440263
109800;62Z5808151251008
113277;62Z2727222813629
108799;62Z6621338601332
107855;62Z9673778330560
107866;62Z7503837805179
232400;62Z2015162515078
107990;62Z9845304667935
107968;62Z4740456205064
107985;62Z7706119175120
107979;62Z3782689705262
107973;62Z6960750039305
113082;62Z7278804811480
112018;62Z5044954715074
112025;62Z5735634525159
111999;62Z8628637802825
112038;62Z5263602249704
112031;62Z4911643665041
112012;62Z0321916746169
112005;62Z3806731773874
111992;62Z5330829219885
110013;62Z9327977404079
110007;62Z0078774616402
110001;62Z7417428673122
110335;62Z7786241319236
110342;62Z9252048999511
110347;62Z3377067046254
108388;62Z4569294592259
109765;62Z6112609575435
109772;62Z8433219676506
109756;62Z2129763516939
109660;62Z8996556151673
109668;62Z6348041831499
109270;62Z6226178614514
109252;62Z8088001354877
109262;62Z9184811708871
107846;62Z6127140327652
110329;62Z4868584703203
110323;62Z9206636187615
111561;62Z9679090920685
111555;62Z1375400435765
111566;62Z4315621759308
107880;62Z5715184658250
107898;62Z9719813396784
107893;62Z6697830738722
111160;62Z3582494817663
111154;62Z0185140742310
111178;62Z8429745394336
109885;62Z1631936044568
109881;62Z3731468824678
110474;62Z3852491783773
110506;62Z3703736778554
110464;62Z2919764479534
110496;62Z2388213404384
111098;62Z6557326923728
110371;62Z8749228757533
110365;62Z2344727691525
111007;62Z5652896106538
111013;62Z1442195305563
113679;62Z0155474902301
108402;62Z8263592561676
108398;62Z4766270738921
108235;62Z2645437469643
114936;62Z1787742503313
111251;62Z3877355613238
111255;62Z7107354836456
111237;62Z7477670206348
108858;62Z1112220706866
108866;62Z7877129733929
108211;62Z7946807056441
114044;62Z5163175531428
114064;62Z4130884301616
114193;62Z5093402182302
114214;62Z0608838365993
114055;62Z8754254952668
114284;62Z4864760541943
114026;62Z1246277809924
114116;62Z3843645021596
114125;62Z8552647861595
113997;62Z5704483645672
114290;62Z3228895007124
114156;62Z4876462895681
114977;62Z9792835313966
114985;62Z9149607116504
113888;62Z6228068938124
113955;62Z6720642817228
114139;62Z2228711295839
114135;62Z6639622304465
114143;62Z2457740265722
114129;62Z4404778492456
114272;62Z5467675025590
107219;62Z1467765211075
107224;62Z6617210643433
113689;62Z9961653021625
114266;62Z5050563614260
114306;62Z5177085630211
113808;62Z6543831139896
113781;62Z7860892557934
113942;62Z1249567118609
113919;62Z4663792576836
114297;62Z9861664968930
114076;62Z4041835644586
113742;62Z4637283255809
113738;62Z1016607111590
113695;62Z5253786299433
113746;62Z9580907386999
113730;62Z3969524273778
113707;62Z6328746307700
113735;62Z8377746378248
113755;62Z8469906998786
114070;62Z9632322148179
108356;62Z3327852816053
108361;62Z4760053564698
108374;62Z1088196424562
108366;62Z5613927516683
108997;62Z3747414045915
108991;62Z3547201131130
108980;62Z1201114079495
109678;62Z7112307340460
109558;62Z4146625892959
109568;62Z5635920821954
109579;62Z6452181794909
109598;62Z2025110866074
109537;62Z8265963489950
109591;62Z6997886411847
109573;62Z5704028425556
109585;62Z9150364989003
108393;62Z0406516368454
108848;62Z5926486492432
108842;62Z9937938988536
108385;62Z8848854704886
108666;62Z9898264178122
108672;62Z8861753733550
108831;62Z9976899093064
108306;62Z6175481485986
113702;62Z5143018632851
113728;62Z8068403621365
113708;62Z9911895140103
113712;62Z4984673271509
113720;62Z0268428464770
108932;62Z8745212425031
108926;62Z1306813555444
108919;62Z5821475143178
108908;62Z2147555693139
110085;62Z1625477082926
114698;62Z5319841021342
109939;62Z0219652350922
108299;62Z9373268726860
110276;62Z4166306343675
108151;62Z5530981498130
108144;62Z8274318019891
108157;62Z0921910662859
108687;62Z8495681039049
108319;62Z0723456396866
109906;62Z6149718927996
114349;62Z9175036446458
108346;62Z5009745247943
108348;62Z3274104021695
110097;62Z5746646868011
110927;62Z2309852763360
114202;62Z5081156034088
114209;62Z9866832325567
114165;62Z2340940211727
114160;62Z2135633529207
1013951;62Z1333415639297
114229;62Z8750392525873
114238;62Z4766619485524
114234;62Z3931584952794
114262;62Z4165364767918
114256;62Z3780471013261
114189;62Z0417148416466
114197;62Z4675092324677
114111;62Z9462939154634
114086;62Z9812835882079
114095;62Z6973305476512
114090;62Z3210401726102
114081;62Z7790301148162
114115;62Z8643559554607
114099;62Z1125673577259
114104;62Z8097850614063
114172;62Z1480306947365
114177;62Z5620366492911
114186;62Z7637130703733
114250;62Z6018527509846
114245;62Z2726271055189
114220;62Z0901895178898
1027747;62Z5091610886851
1025443;62Z1671935504291
108246;62Z5606026046968
110936;62Z6965804014672
110953;62Z4125942605099
108563;62Z0082196804135
108240;62Z9996307316622
108720;62Z5216739579878
108546;62Z0558536803049
582166;62Z2452633464618
622225;62Z3654241262930
586005;62Z0643111717374
626054;62Z6150008463890
602955;62Z8955345137567
481841;62Z8387556923474
457086;62Z2784596481910
458631;62Z5429285124886
240226;62Z9572829108556
240236;62Z8250313646536
241809;62Z6062600946369
430782;62Z4669206774258
243355;62Z2700226550289
244900;62Z5411539477385
410634;62Z4732405562317
412179;62Z3063388796528
483386;62Z7135243726979
413724;62Z6423764171506
415270;62Z7065433327847
484931;62Z2354139765773
500446;62Z3443865417887
453996;62Z2131108839641
455541;62Z1712219223239
362633;62Z4017330636053
364179;62Z9554873374004
365724;62Z7188092064251
651525;62Z8350837147276
477206;62Z8788437233544
653071;62Z1871004748715
398238;62Z2317288224811
478751;62Z7226992446275
480296;62Z5249663884965
460176;62Z2727345979836
461721;62Z6500695489190
463266;62Z4266985415292
246445;62Z2313765548314
247989;62Z7439119755545
404449;62Z8753684327342
405994;62Z3266476251512
399783;62Z8459917735083
407539;62Z9337020597982
409084;62Z1288205151153
401328;62Z0563966298946
498893;62Z1346277233629
249536;62Z6591735969696
251081;62Z1344982542728
464811;62Z1362761997100
252627;62Z4633344687696
466356;62Z3789720217581
254171;62Z8758256166132
255715;62Z8584108300016
467901;62Z7186073321532
469446;62Z6402309049999
500440;62Z5334007084830
501988;62Z1227303363754
505081;62Z0756022884979
505073;62Z1895466282231
506629;62Z3399543086491
419905;62Z3609941513160
421450;62Z6074105100528
331669;62Z9665701252934
333215;62Z4904067033507
334760;62Z3889094423398
336308;62Z0782122339894
337854;62Z6170059511918
416815;62Z3296536164657
418360;62Z7754551426000
721875;62Z5892879292921
402875;62Z3964223802091
450870;62Z2743042044972
528242;62Z4049470513174
452415;62Z5290687181136
525152;62Z8180508245292
525160;62Z2251365284234
283556;62Z9517961287416
285100;62Z1458854715413
286644;62Z2630381885114
732705;62Z1897169305182
734251;62Z9080607053870
638415;62Z3559836056543
735797;62Z2156980073846
737343;62Z4678965764681
633780;62Z9999792630456
677014;62Z1045812812798
280468;62Z8173852223691
282012;62Z8781150743977
601405;62Z5533884896534
596036;62Z5571455716381
592202;62Z7117618265318
616055;62Z9118817645484
617606;62Z3645679458495
629140;62Z4405958229843
632233;62Z9572944668228
633783;62Z9125058256364
635328;62Z5619718981548
375017;62Z7296351681465
376562;62Z0943583213858
740439;62Z5530342960726
741984;62Z4588886918180
743529;62Z8938850304443
745074;62Z2373727581052
748164;62Z3881387752203
746619;62Z9546270508872
359495;62Z0639844123367
361040;62Z1037358312936
303631;62Z9080878842724
534438;62Z3275330385633
305175;62Z7300669096523
532893;62Z9378020086806
306719;62Z6064443754471
535983;62Z8364702256844
278891;62Z9253652589065
531348;62Z0475036423280
529803;62Z5507060314552
298998;62Z3846845758332
607584;62Z0551000388319
537528;62Z4728300508261
610666;62Z5045484867609
540618;62Z7374144910888
543708;62Z5334115141315
547537;62Z9403024850648
542163;62Z9102102430517
550622;62Z1784526617176
554451;62Z0198020365680
300543;62Z7361625103327
302087;62Z8529927663823
433875;62Z6903396930629
443145;62Z8599929985330
444690;62Z1424597446349
446235;62Z7167340493954
491119;62Z1488784882062
435420;62Z6924130161275
492678;62Z5520611480732
494224;62Z6575559710656
494231;62Z2848328082439
657691;62Z5886586871611
662316;62Z6204366718982
643789;62Z7784547278605
436965;62Z0115994663119
639960;62Z3412456222956
438510;62Z6972524552272
904188;62Z3165731696073
905733;62Z3255196992191
907278;62Z1212091196150
908823;62Z1521730962267
910368;62Z8734951189281
326984;62Z8762248284009
328529;62Z4873003726297
330076;62Z5944836059757
539073;62Z4228778031213
311352;62Z8161494926792
312896;62Z6538217687463
339401;62Z7659494316100
340946;62Z3814934609643
342491;62Z5211739121627
344036;62Z4085050969930
678560;62Z6133828914221
308263;62Z7770183196690
309808;62Z8592757470853
447780;62Z2272841700975
470991;62Z5482859804494
488022;62Z8401360363206
472538;62Z5561963760672
489567;62Z8965023361686
474084;62Z0031998561555
497315;62Z0107365369558
511259;62Z4742764300527
475629;62Z5346398732662
689403;62Z5138129753381
681675;62Z2861201948227
675467;62Z2251581901505
683220;62Z6402849901222
680128;62Z4850001072067
684765;62Z3863985371470
686310;62Z7599516714469
616052;62Z7578265237733
687855;62Z8041818677625
612221;62Z0854538332527
629142;62Z2306659097394
449325;62Z7078024255923
515890;62Z8344801518312
432328;62Z1847349422493
520523;62Z0757650362630
486476;62Z1005898718020
429185;62Z8293529604371
257259;62Z0416789889371
258803;62Z5051549637567
260347;62Z1698410410130
261891;62Z7512294464304
422995;62Z2492144485756
263435;62Z9824704320454
424540;62Z8511656427594
426090;62Z0748580494341
427637;62Z7248661126476
288189;62Z3446589214177
350217;62Z0713785039788
295910;62Z8610127247526
297454;62Z6699668529549
379658;62Z7538170942894
385855;62Z0472745638356
381203;62Z0536911969232
387401;62Z9448164222226
382748;62Z1806377530675
388947;62Z7946713650846
345582;62Z5884385089767
390493;62Z3326901338666
289733;62Z0868291327348
347127;62Z9104532073798
291277;62Z8907263729853
292822;62Z2835162072536
348672;62Z6733013903721
294366;62Z5023102912456
367269;62Z3198793479215
586023;62Z9606528220832
590657;62Z3525509166981
596031;62Z0921942577087
601410;62Z4008177530090
271166;62Z6049059160832
272710;62Z2819892944176
274254;62Z6437051493713
275798;62Z7021966510316
277347;62Z6465836332763
316073;62Z3334466012604
752807;62Z5194017412739
320714;62Z8681871086247
322260;62Z2175941777652
323809;62Z0347003664075
325356;62Z2210351106922
754357;62Z5547610842883
371916;62Z4548612276942
317624;62Z8022211020894
319169;62Z1223181251097
440054;62Z4579689820118
441599;62Z2457092440413
700230;62Z9401423000800
392044;62Z2348453799402
791435;62Z7297288522460
721879;62Z3208787407230
805342;62Z5197344117985
697125;62Z4116832980120
712587;62Z9247354891131
515893;62Z8133724984363
520528;62Z6641499895103
557535;62Z3042653944773
802257;62Z9198216735687
819226;62Z1190200488915
701773;62Z9840624502374
701778;62Z9559186559953
816138;62Z7253158749316
816142;62Z5549581011585
843966;62Z5044094710134
843971;62Z8752427341321
726511;62Z4309783110041
729601;62Z8002712588738
729606;62Z4088909661516
728056;62Z7827690879104
396684;62Z8324220182083
724967;62Z2438537846087
368814;62Z9198166409358
378108;62Z5645681086950
760537;62Z2780376545374
762083;62Z9924552767121
370360;62Z5389038305354
738888;62Z8144355235834
717223;62Z8785110548484
840876;62Z6041899640534
842421;62Z4479078679008
264978;62Z6714146583599
911912;62Z7142132507829
911923;62Z5599913738058
911917;62Z8745447996991
911928;62Z9758428146861
890317;62Z1065651918615
894917;62Z0276511524654
837785;62Z8793151703830
839331;62Z5950582380124
877960;62Z0423509225329
879510;62Z9966651694059
879505;62Z4977519660688
882594;62Z5268647112394
874864;62Z0641759238840
874869;62Z7127355175178
823880;62Z4956288091735
690955;62Z8998971444042
780599;62Z6294472475718
775960;62Z8556600195404
314440;62Z5475026540940
506630;62Z2488554018537
393589;62Z5588578817772
940716;62Z5596395542066
834693;62Z2484965826114
777506;62Z8534287234009
777511;62Z6134362184808
353308;62Z6655145818784
354853;62Z7855631487429
356398;62Z0031070682997
357943;62Z2890019729767
579075;62Z0918107486498
769806;62Z1488972981161
772874;62Z2502521603898
820777;62Z6766835984871
813052;62Z9828654226896
822334;62Z8213708559004
799160;62Z0051388167299
788337;62Z1235177907563
395138;62Z3218736850471
836239;62Z5676492713685
847055;62Z2367545634200
848600;62Z5581806292244
850145;62Z4117638287371
851690;62Z8998122791968
511263;62Z3322050959764
853235;62Z7659842424600
853240;62Z9392198522837
800710;62Z0525258297403
782145;62Z7359532053367
783698;62Z4476235509856
785246;62Z1120033385707
831606;62Z6842059311039
786791;62Z6687146368362
808427;62Z0101204963680
856324;62Z7224150320341
919630;62Z1431080138899
373462;62Z7472735564079
758990;62Z4601108542136
828515;62Z1208313883909
830060;62Z4653534655485
789882;62Z6772211988596
663860;62Z9785106873009
884149;62Z9659090400641
884139;62Z0942184960446
884154;62Z9907614689680
884144;62Z6157393922150
766718;62Z5960986691432
755903;62Z4819694843977
697135;62Z0610998616802
697130;62Z8153666637728
704866;62Z0724596256073
704864;62Z3859007956364
709496;62Z1795215593349
711041;62Z7684603046107
792979;62Z4633078836397
797614;62Z3917546307439
794524;62Z9631588361788
796069;62Z5691823267492
763633;62Z3749345766984
643793;62Z9278566097194
643797;62Z3152962288903
690949;62Z7464414812874
269612;62Z8954895585392
384292;62Z4425478274764
857874;62Z3212852361489
857869;62Z8366832264443
860960;62Z4637179950354
860965;62Z0838416732079
864054;62Z4265035046143
864049;62Z6650493446325
868688;62Z7271913829216
868693;62Z2831625352542
867143;62Z5427973008437
871776;62Z8088818379923
871780;62Z1758650248814
825425;62Z9825355863340
826970;62Z0986439322955
569845;62Z7533978970568
566776;62Z2521136224865
572912;62Z7800005759158
563709;62Z9839055332769
560621;62Z7498439313325
266522;62Z4244496289507
268068;62Z3383425859297
749708;62Z8595774003442
351761;62Z4115230717369
669244;62Z4812632143675
669251;62Z2350525022954
670801;62Z6975206441593
670796;62Z8908110277860
669249;62Z9481987311220
649969;62Z3935167935581
673900;62Z2925574436612
673895;62Z1429037206536
673904;62Z1252905685434
672347;62Z6407915895452
653077;62Z9694253556877
657682;62Z8158264224756
113342;62Z0005693148073
113455;62Z2314199648943
113461;62Z9327035604455
113409;62Z4040980675070
922716;62Z2109146651647
113495;62Z0805820041054
113490;62Z9954490471953
113479;62Z8175736201484
113485;62Z2112361092483
113385;62Z5694485976698
113421;62Z2070991422970
113425;62Z7709279219588
113417;62Z5822222214518
228743;62Z7187759242560
113391;62Z2470174893567
113465;62Z9420229779532
113471;62Z1298141309286
113348;62Z4832405063751
113360;62Z3826133591485
113373;62Z0099749502398
113403;62Z5353066802899
113366;62Z4470645489256
113379;62Z2060405246501
113431;62Z4129502050028
113437;62Z2069141212340
113443;62Z8202465672586
113397;62Z6707931135762
113449;62Z1708967637427
113354;62Z6315839900808
111917;62Z1714134955773
111925;62Z4116501276135
111932;62Z6923069017587
112300;62Z9816933393122
194889;62Z3370265157850
112289;62Z9326824162283
191818;62Z7210461393081
111902;62Z8399532309634
183369;62Z2611441686063
111813;62Z7740458492481
118089;62Z5287010672052
112279;62Z2823314901224
112288;62Z6562084376714
155716;62Z0880094511532
1001275;62Z9396532624829
1004344;62Z3197627483599
168009;62Z1066415331340
111783;62Z2847779934383
152645;62Z8888725010884
111818;62Z2927960429492
149573;62Z5708747335475
111897;62Z3416737531694
140357;62Z9410251259808
111808;62Z6007636530752
957054;62Z0966283103529
957059;62Z1924999500367
137285;62Z2922959350162
112290;62Z3748358344566
112280;62Z6596031451766
130377;62Z9251639398997
164933;62Z5992145204525
111862;62Z8110438311588
112308;62Z3580465605441
219465;62Z5500241105730
143429;62Z5186116368059
111912;62Z5943113669582
124233;62Z6487766492243
112189;62Z2351702480768
216394;62Z7686811047221
111762;62Z8567543921480
213322;62Z3609704563245
111737;62Z4359181948692
207178;62Z5685677223802
111767;62Z4053254713374
210250;62Z0003484823023
111798;62Z4050520929679
204106;62Z5597666745221
111882;62Z3611545095764
180297;62Z7233235839481
111843;62Z9415100150883
1008183;62Z9564643787548
112293;62Z5572960237996
171080;62Z1971996443746
228682;62Z9504858258003
186441;62Z4259148764070
111852;62Z4231620580979
121161;62Z8116769797058
112179;62Z4584696551625
112302;62Z8344506169772
201033;62Z7102635890146
197962;62Z4615943855040
111892;62Z2913884621734
222538;62Z9271344229050
133450;62Z7299269286329
111828;62Z0773219938863
174153;62Z7472602317650
111778;62Z8192127018934
112310;62Z3804870609202
114960;62Z7708017023125
113581;62Z1200184431219
108424;62Z4417638975469
108522;62Z0069055082458
108502;62Z8408711727733
108491;62Z3232577276033
108415;62Z5067831264417
108440;62Z0966418722810
111208;62Z6241737854002
108408;62Z0106881878420
113249;62Z6354206226475
108507;62Z3826456012932
108516;62Z4319825749220
111143;62Z6277783938744
111134;62Z3459998626408
108762;62Z1721441148115
108767;62Z3378289102813
108484;62Z3106201619191
108433;62Z3893719056879
108447;62Z4885176586104
108312;62Z6367387666038
108557;62Z5908244446328
108528;62Z9671369458852
109358;62Z7871307288621
108267;62Z8806131730381
108285;62Z7348568449062
108471;62Z1343520371726
108477;62Z4513268892787
108273;62Z7238954522387
752802;62Z1974818813090
108425;62Z8011592635172
113261;62Z1536736954539
110766;62Z2943901189696
109389;62Z9154508892289
110694;62Z0808443369826
110609;62Z9709038369596
109419;62Z6572424414362
109407;62Z0752317472682
110775;62Z6935048856767
109401;62Z1077753017732
109784;62Z4660326987079
111002;62Z7519426993934
109240;62Z5534232763121
108806;62Z6836551546460
108646;62Z9639261001580
108641;62Z0571630962805
108813;62Z0706996586436
108756;62Z7186839247460
108835;62Z0873625444128
108753;62Z3697009815004
108742;62Z4840312740111
108731;62Z2644145630667
108741;62Z3791433249863
108709;62Z4473939219465
114707;62Z1142321243152
108773;62Z3077392040544
109139;62Z6496726542741
109945;62Z1021097173145
109173;62Z5372467626407
111113;62Z4770073186281
109169;62Z5093317844182
111149;62Z7874071397917
109158;62Z1918897574982
109163;62Z2111812908663
109147;62Z6239953604587
114366;62Z4684994831718
114404;62Z2533555323489
114375;62Z7164736639816
114382;62Z2706797516884
114388;62Z1183102769665
114395;62Z6477065184596
110706;62Z8822594141856
114015;62Z4894672613660
111125;62Z9379865547241
113843;62Z7458824752643
113840;62Z8924288018210
110102;62Z0007408207396
110115;62Z0337446758495
109151;62Z3989849431639
110066;62Z6744037898126
110593;62Z0645890638609
110561;62Z1875903487617
110599;62Z3844535022005
110585;62Z5010295372976
110567;62Z0767549682045
110579;62Z2620835471379
110573;62Z9924508086882
109198;62Z8746884776124
114966;62Z9447021297558
113255;62Z6700297540565
110072;62Z0328546116235
110466;62Z5999945412239
113226;62Z9933852144595
109363;62Z7393322315609
114972;62Z4406076167703
109293;62Z1455682023624
109303;62Z8816285919035
110538;62Z2542409184924
110546;62Z7525928180673
110790;62Z7695444185270
110784;62Z7490323173812
109287;62Z3070462449160
113214;62Z3354844151041
109312;62Z5419804949655
110294;62Z7406520641640
110283;62Z7125959834164
109321;62Z9473518823859
109334;62Z7500026073323
109246;62Z5717582954975
109278;62Z7014444142675
111668;62Z5980147078002
110481;62Z8278559310862
110487;62Z1498870642526
110148;62Z0821134155387
108701;62Z6782320267837
110108;62Z8685512024215
109473;62Z0384785305164
109466;62Z3113739557166
109455;62Z3293752164434
109447;62Z7493210595726
109529;62Z0072108208643
109547;62Z5659725770182
114419;62Z5222330048765
110497;62Z9397967606982
113186;62Z5778447665256
114355;62Z4490982106646
114994;62Z5942024582703
111732;62Z3434052401490
112206;62Z1630800253752
109610;62Z7140367433290
113541;62Z3509021850363
113524;62Z1452764731976
113529;62Z4378576817801
113547;62Z8340107263150
113535;62Z7998414578239
113552;62Z5453096802128
109729;62Z0930233789185
109745;62Z2300229107013
109735;62Z6155723878968
109840;62Z2241624398133
109850;62Z1876555780959
109845;62Z0891929160512
109832;62Z9976119899486
109835;62Z0558077685193
112322;62Z9065395751156
112316;62Z0065271304938
111512;62Z5521670686218
111500;62Z9578299634119
111488;62Z5218253524823
111506;62Z6208680573103
111494;62Z3130451747063
111584;62Z7932749060049
109431;62Z4668056894817
109425;62Z8177668164077
111523;62Z8300524815031
111288;62Z6119100336071
109352;62Z1294892763782
111654;62Z4330184880747
113501;62Z7247597687573
113506;62Z8978008833580
109412;62Z2340007507523
109604;62Z7752016803710
111259;62Z3697945170283
111273;62Z1271543912602
111267;62Z5596867590011
113076;62Z6880295610813
111416;62Z2502875531359
111310;62Z6056431681964
111332;62Z7111937824823
111337;62Z6575464662689
111215;62Z0452844492046
111626;62Z2803732026337
111629;62Z0673317322212
111633;62Z4375970638523
240181;62Z8927299366936
110432;62Z8654220492951
110425;62Z0777461336857
110438;62Z1302603727888
111277;62Z9804325247813
111411;62Z3750270844131
110247;62Z6160684290533
110235;62Z7826099161134
110156;62Z6593582221954
111342;62Z3419834567238
110056;62Z4155362921270
110130;62Z2924949594467
110030;62Z2165311603197
111245;62Z8158594708282
110741;62Z8982870122191
111303;62Z6367444718921
110713;62Z1159320939626
109957;62Z8769648803345
110141;62Z6719681557516
111438;62Z8703555786061
111432;62Z9600784138451
110034;62Z0005110071155
110670;62Z8885091048380
111518;62Z5676848910579
110700;62Z5932521060531
111622;62Z1502270338597
110046;62Z2718578739956
111354;62Z4609281669233
111348;62Z8586635195770
111388;62Z5565142195501
111394;62Z9904594507446
109982;62Z2460403394752
110078;62Z0602829080179
109963;62Z0171356963696
110040;62Z6667024328636
111297;62Z1869907389963
110025;62Z8859754533568
109988;62Z9007046223224
110518;62Z3952958734701
109969;62Z6252330052132
110057;62Z4665459175308
111382;62Z8100692159702
111605;62Z7332212784804
111594;62Z5453023621169
111599;62Z8142372927224
109931;62Z0487396673196
111975;62Z9880928064653
111971;62Z5892357861420
110258;62Z1290062404567
110270;62Z5281064084900
110264;62Z8854622036855
111092;62Z1319800795154
111087;62Z5554170917116
111399;62Z9719168723241
110091;62Z7710108521208
110136;62Z5794253829590
112258;62Z3272699043685
112262;62Z5309678875931
112276;62Z2247393179159
112252;62Z1518081044595
112102;62Z5225765826726
112268;62Z5923256778249
112077;62Z5024375283780
112145;62Z1329707191511
112230;62Z2662813641692
112225;62Z8729061499583
112235;62Z4173647559524
112133;62Z3169112090446
112241;62Z2242397758248
112082;62Z9813654647850
112220;62Z9494552699213
112192;62Z8878514985242
112121;62Z2280578366218
112177;62Z6426581749819
112246;62Z7034707835355
112059;62Z6818027315050
112049;62Z4591123080928
111048;62Z9021234984405
111042;62Z4622162404905
111054;62Z5336309016299
111478;62Z7135406664942
111482;62Z5847988423130
111718;62Z4229762603426
111119;62Z9898932178344
114916;62Z3352403482288
113771;62Z7386605255577
111571;62Z9469353775267
110318;62Z7301489660057
110846;62Z6410179834002
110407;62Z3307717893995
110395;62Z5645044615637
111220;62Z4055343384568
111444;62Z9757104192932
111450;62Z7245327701909
110456;62Z5934440998133
110450;62Z1558427664724
110419;62Z1032284878228
110413;62Z2212025280135
110312;62Z4181914146340
113765;62Z8977081370310
113760;62Z2967552299484
111610;62Z1371210227362
110401;62Z0662399543757
111420;62Z6010884660390
111426;62Z8075846612726
111966;62Z6490363082402
112043;62Z0718058738192
111948;62Z7031951745588
111943;62Z8129277561696
111937;62Z9724940754843
111960;62Z9023572494321
111954;62Z0942903570698
110621;62Z7294045701226
110444;62Z4195580018630
111664;62Z4806769070880
111649;62Z0796860307205
111639;62Z5915433755058
110635;62Z9475264653673
110531;62Z5334769350805
111706;62Z8714071614088
111019;62Z1261670167620
111059;62Z6149141802147
111030;62Z0081969186257
111036;62Z5550236221342
111616;62Z7855392420317
111024;62Z5757478130208
113309;62Z0870244820667
114024;62Z7527782419990
113612;62Z8529772135965
113636;62Z2597558666982
113220;62Z4982962824894
113630;62Z6472071569765
113520;62Z5947427628294
113643;62Z2669535129968
113622;62Z5942294034729
111589;62Z0483319277120
939151;62Z0840055321623
111723;62Z8942918296740
113648;62Z4115021816107
113561;62Z3234855557219
113667;62Z8343555859054
113673;62Z9664495220583
113652;62Z4002883780916
113656;62Z0779760585696
113659;62Z8684584183549
109951;62Z5657887855731
114325;62Z2881450219672
1027760;62Z4132526419355
904181;62Z1029874381783
114343;62Z8436515656960
1013900;62Z2550635990474
114872;62Z8861619384326
931396;62Z3121986934731
108494;62Z6837836766068
943831;62Z3459520377017
927430;62Z7623330675632
927435;62Z8675377621886
927425;62Z9815210983224
932947;62Z6394857624252
932942;62Z1803229421835
946957;62Z1139499069568
946952;62Z3395488592548
943841;62Z0401546876429
922753;62Z4283447691347
938369;62Z1410655836174
943851;62Z1705423675770
922796;62Z8060492186336
922791;62Z2995513467171
943862;62Z4712455645198
945407;62Z0644154918337
922780;62Z3552993963037
949297;62Z1289236582883
925881;62Z1188591356933
949287;62Z3349942881805
949278;62Z4802063687947
950843;62Z9371002592894
935271;62Z0285483421534
935266;62Z4699076363621
943820;62Z7899266758450
943806;62Z5495878828565
940696;62Z7669762149089
940701;62Z7374937232088
936824;62Z3997106688180
951642;62Z3722749148960
951632;62Z9527346033249
951637;62Z0583553794841
955504;62Z5652973769420
1013855;62Z3709291967940
